Gender_enc,Married_enc,Education_enc,SelfEmployed_enc,Dependents,ApplicantIncome,CoapplicantIncome,total_income,LoanAmount,Loan_Amount_Term,Credit_History,loan_to_income_ratio,income_per_dependent,loan_to_term_ratio,Area_Rural,Area_Semiurban,Area_Urban,Loan_Status,Gender_raw,Area_raw
1,0,1,0,0,5849,0.0,5849.0,128.0,360.0,1.0,21.884082749187893,5849.0,0.35555555555555557,0,0,1,1,Male,Urban
1,1,1,0,1,4583,1508.0,6091.0,128.0,360.0,1.0,21.0146117222131,3045.5,0.35555555555555557,1,0,0,0,Male,Rural
1,1,1,1,0,3000,0.0,3000.0,66.0,360.0,1.0,22.0,3000.0,0.18333333333333332,0,0,1,1,Male,Urban
1,1,0,0,0,2583,2358.0,4941.0,120.0,360.0,1.0,24.286581663630844,4941.0,0.3333333333333333,0,0,1,1,Male,Urban
1,0,1,0,0,6000,0.0,6000.0,141.0,360.0,1.0,23.5,6000.0,0.39166666666666666,0,0,1,1,Male,Urban
1,1,1,1,2,5417,4196.0,9613.0,267.0,360.0,1.0,27.774888172266724,3204.3333333333335,0.7416666666666667,0,0,1,1,Male,Urban
1,1,0,0,0,2333,1516.0,3849.0,95.0,360.0,1.0,24.681735515718366,3849.0,0.2638888888888889,0,0,1,1,Male,Urban
1,1,1,0,3,3036,2504.0,5540.0,158.0,360.0,0.0,28.51985559566787,1385.0,0.4388888888888889,0,1,0,0,Male,Semiurban
1,1,1,0,2,4006,1526.0,5532.0,168.0,360.0,1.0,30.36876355748373,1844.0,0.4666666666666667,0,0,1,1,Male,Urban
1,1,1,0,1,12841,10968.0,23809.0,349.0,360.0,1.0,14.658322483094627,11904.5,0.9694444444444444,0,1,0,0,Male,Semiurban
1,1,1,0,2,3200,700.0,3900.0,70.0,360.0,1.0,17.94871794871795,1300.0,0.19444444444444445,0,0,1,1,Male,Urban
1,1,1,0,2,2500,1840.0,4340.0,109.0,360.0,1.0,25.11520737327189,1446.6666666666667,0.30277777777777776,0,0,1,1,Male,Urban
1,1,1,0,2,3073,8106.0,11179.0,200.0,360.0,1.0,17.890687896949636,3726.3333333333335,0.5555555555555556,0,0,1,1,Male,Urban
1,0,1,0,0,1853,2840.0,4693.0,114.0,360.0,1.0,24.291497975708506,4693.0,0.31666666666666665,1,0,0,0,Male,Rural
1,1,1,0,2,1299,1086.0,2385.0,17.0,120.0,1.0,7.127882599580714,795.0,0.14166666666666666,0,0,1,1,Male,Urban
1,0,1,0,0,4950,0.0,4950.0,125.0,360.0,1.0,25.252525252525253,4950.0,0.3472222222222222,0,0,1,1,Male,Urban
1,0,0,0,1,3596,0.0,3596.0,100.0,240.0,1.0,27.808676307007786,1798.0,0.4166666666666667,0,0,1,1,Male,Urban
0,0,1,0,0,3510,0.0,3510.0,76.0,360.0,0.0,21.652421652421655,3510.0,0.2111111111111111,0,0,1,0,Female,Urban
1,1,0,0,0,4887,0.0,4887.0,133.0,360.0,1.0,27.215060364231636,4887.0,0.36944444444444446,1,0,0,0,Male,Rural
1,1,1,0,0,2600,3500.0,6100.0,115.0,360.0,1.0,18.852459016393443,6100.0,0.3194444444444444,0,0,1,1,Male,Urban
1,1,0,0,0,7660,0.0,7660.0,104.0,360.0,0.0,13.577023498694517,7660.0,0.28888888888888886,0,0,1,0,Male,Urban
1,1,1,0,1,5955,5625.0,11580.0,315.0,360.0,1.0,27.202072538860104,5790.0,0.875,0,0,1,1,Male,Urban
1,1,0,0,0,2600,1911.0,4511.0,116.0,360.0,0.0,25.71491908667701,4511.0,0.32222222222222224,0,1,0,0,Male,Semiurban
1,1,0,0,2,3365,1917.0,5282.0,112.0,360.0,0.0,21.204089360090876,1760.6666666666667,0.3111111111111111,1,0,0,0,Male,Rural
1,1,1,0,1,3717,2925.0,6642.0,151.0,360.0,1.0,22.73411623005119,3321.0,0.41944444444444445,0,1,0,0,Male,Semiurban
1,1,1,1,0,9560,0.0,9560.0,191.0,360.0,1.0,19.97907949790795,9560.0,0.5305555555555556,0,1,0,1,Male,Semiurban
1,1,1,0,0,2799,2253.0,5052.0,122.0,360.0,1.0,24.148851939825814,5052.0,0.3388888888888889,0,1,0,1,Male,Semiurban
1,1,0,0,2,4226,1040.0,5266.0,110.0,360.0,1.0,20.888720091150777,1755.3333333333333,0.3055555555555556,0,0,1,1,Male,Urban
1,0,0,0,0,1442,0.0,1442.0,35.0,360.0,1.0,24.271844660194176,1442.0,0.09722222222222222,0,0,1,0,Male,Urban
0,0,1,0,2,3750,2083.0,5833.0,120.0,360.0,1.0,20.5726041488085,1944.3333333333333,0.3333333333333333,0,1,0,1,Female,Semiurban
1,1,1,0,1,4166,3369.0,7535.0,201.0,360.0,1.0,26.675514266755144,3767.5,0.5583333333333333,0,0,1,0,Male,Urban
1,0,1,0,0,3167,0.0,3167.0,74.0,360.0,1.0,23.365961477739187,3167.0,0.20555555555555555,0,0,1,0,Male,Urban
1,0,1,1,1,4692,0.0,4692.0,106.0,360.0,1.0,22.59164535379369,2346.0,0.29444444444444445,1,0,0,0,Male,Rural
1,1,1,0,0,3500,1667.0,5167.0,114.0,360.0,1.0,22.063092703696537,5167.0,0.31666666666666665,0,1,0,1,Male,Semiurban
1,0,1,0,3,12500,3000.0,15500.0,320.0,360.0,1.0,20.64516129032258,3875.0,0.8888888888888888,1,0,0,0,Male,Rural
1,1,1,0,0,2275,2067.0,4342.0,128.0,360.0,1.0,29.47950253339475,4342.0,0.35555555555555557,0,0,1,1,Male,Urban
1,1,1,0,0,1828,1330.0,3158.0,100.0,360.0,0.0,31.665611146295124,3158.0,0.2777777777777778,0,0,1,0,Male,Urban
0,1,1,0,0,3667,1459.0,5126.0,144.0,360.0,1.0,28.092079594225517,5126.0,0.4,0,1,0,1,Female,Semiurban
1,0,1,0,0,4166,7210.0,11376.0,184.0,360.0,1.0,16.17440225035162,11376.0,0.5111111111111111,0,0,1,1,Male,Urban
1,0,0,0,0,3748,1668.0,5416.0,110.0,360.0,1.0,20.310192023633675,5416.0,0.3055555555555556,0,1,0,1,Male,Semiurban
1,0,1,0,0,3600,0.0,3600.0,80.0,360.0,1.0,22.22222222222222,3600.0,0.2222222222222222,0,0,1,0,Male,Urban
1,0,1,0,0,1800,1213.0,3013.0,47.0,360.0,1.0,15.599070693660805,3013.0,0.13055555555555556,0,0,1,1,Male,Urban
1,1,1,0,0,2400,0.0,2400.0,75.0,360.0,1.0,31.25,2400.0,0.20833333333333334,0,0,1,1,Male,Urban
1,1,1,0,0,3941,2336.0,6277.0,134.0,360.0,1.0,21.347777600764697,6277.0,0.37222222222222223,0,1,0,1,Male,Semiurban
1,1,0,1,0,4695,0.0,4695.0,96.0,360.0,1.0,20.447284345047922,4695.0,0.26666666666666666,0,0,1,1,Male,Urban
0,0,1,0,0,3410,0.0,3410.0,88.0,360.0,1.0,25.806451612903224,3410.0,0.24444444444444444,0,0,1,1,Female,Urban
1,1,1,0,1,5649,0.0,5649.0,44.0,360.0,1.0,7.788989201628607,2824.5,0.12222222222222222,0,0,1,1,Male,Urban
1,1,1,0,0,5821,0.0,5821.0,144.0,360.0,1.0,24.738017522762412,5821.0,0.4,0,0,1,1,Male,Urban
0,1,1,0,0,2645,3440.0,6085.0,120.0,360.0,0.0,19.72062448644207,6085.0,0.3333333333333333,0,0,1,0,Female,Urban
0,0,1,0,0,4000,2275.0,6275.0,144.0,360.0,1.0,22.94820717131474,6275.0,0.4,0,1,0,1,Female,Semiurban
0,1,0,0,0,1928,1644.0,3572.0,100.0,360.0,1.0,27.99552071668533,3572.0,0.2777777777777778,0,1,0,1,Female,Semiurban
0,0,1,0,0,3086,0.0,3086.0,120.0,360.0,1.0,38.8852883992223,3086.0,0.3333333333333333,0,1,0,1,Female,Semiurban
0,0,1,0,0,4230,0.0,4230.0,112.0,360.0,1.0,26.477541371158388,4230.0,0.3111111111111111,0,1,0,0,Female,Semiurban
1,1,1,0,2,4616,0.0,4616.0,134.0,360.0,1.0,29.02946273830156,1538.6666666666667,0.37222222222222223,0,0,1,0,Male,Urban
0,1,1,1,1,11500,0.0,11500.0,286.0,360.0,0.0,24.869565217391305,5750.0,0.7944444444444444,0,0,1,0,Female,Urban
1,1,1,0,2,2708,1167.0,3875.0,97.0,360.0,1.0,25.032258064516128,1291.6666666666667,0.26944444444444443,0,1,0,1,Male,Semiurban
1,1,1,0,0,2132,1591.0,3723.0,96.0,360.0,1.0,25.785656728444803,3723.0,0.26666666666666666,0,1,0,1,Male,Semiurban
1,1,1,0,0,3366,2200.0,5566.0,135.0,360.0,1.0,24.254401724757457,5566.0,0.375,1,0,0,0,Male,Rural
1,1,1,0,1,8080,2250.0,10330.0,180.0,360.0,1.0,17.424975798644724,5165.0,0.5,0,0,1,1,Male,Urban
1,1,0,0,2,3357,2859.0,6216.0,144.0,360.0,1.0,23.166023166023166,2072.0,0.4,0,0,1,1,Male,Urban
1,1,1,0,0,2500,3796.0,6296.0,120.0,360.0,1.0,19.05972045743329,6296.0,0.3333333333333333,0,0,1,1,Male,Urban
1,1,1,0,3,3029,0.0,3029.0,99.0,360.0,1.0,32.684054143281614,757.25,0.275,0,0,1,1,Male,Urban
1,1,0,1,0,2609,3449.0,6058.0,165.0,180.0,0.0,27.23671178606801,6058.0,0.9166666666666666,1,0,0,0,Male,Rural
1,1,1,0,1,4945,0.0,4945.0,128.0,360.0,0.0,25.88473205257836,2472.5,0.35555555555555557,1,0,0,0,Male,Rural
0,0,1,0,0,4166,0.0,4166.0,116.0,360.0,0.0,27.84445511281805,4166.0,0.32222222222222224,0,1,0,0,Female,Semiurban
1,1,1,0,0,5726,4595.0,10321.0,258.0,360.0,1.0,24.997577754093598,10321.0,0.7166666666666667,0,1,0,0,Male,Semiurban
1,0,0,0,0,3200,2254.0,5454.0,126.0,180.0,0.0,23.102310231023104,5454.0,0.7,0,0,1,0,Male,Urban
1,1,1,0,1,10750,0.0,10750.0,312.0,360.0,1.0,29.023255813953487,5375.0,0.8666666666666667,0,0,1,1,Male,Urban
1,1,0,1,3,7100,0.0,7100.0,125.0,60.0,1.0,17.605633802816904,1775.0,2.0833333333333335,0,0,1,1,Male,Urban
0,0,1,0,0,4300,0.0,4300.0,136.0,360.0,0.0,31.62790697674419,4300.0,0.37777777777777777,0,1,0,0,Female,Semiurban
1,1,1,0,0,3208,3066.0,6274.0,172.0,360.0,1.0,27.414727446605035,6274.0,0.4777777777777778,0,0,1,1,Male,Urban
1,1,0,1,2,1875,1875.0,3750.0,97.0,360.0,1.0,25.866666666666667,1250.0,0.26944444444444443,0,1,0,1,Male,Semiurban
1,0,1,0,0,3500,0.0,3500.0,81.0,300.0,1.0,23.142857142857142,3500.0,0.27,0,1,0,1,Male,Semiurban
1,1,0,0,3,4755,0.0,4755.0,95.0,360.0,0.0,19.978969505783386,1188.75,0.2638888888888889,0,1,0,0,Male,Semiurban
1,1,1,1,3,5266,1774.0,7040.0,187.0,360.0,1.0,26.5625,1760.0,0.5194444444444445,0,1,0,1,Male,Semiurban
1,0,1,0,0,3750,0.0,3750.0,113.0,480.0,1.0,30.133333333333333,3750.0,0.23541666666666666,0,0,1,0,Male,Urban
1,0,1,0,0,3750,4750.0,8500.0,176.0,360.0,1.0,20.705882352941178,8500.0,0.4888888888888889,0,0,1,0,Male,Urban
1,1,1,1,1,1000,3022.0,4022.0,110.0,360.0,1.0,27.349577324714073,2011.0,0.3055555555555556,0,0,1,0,Male,Urban
1,1,1,0,3,3167,4000.0,7167.0,180.0,300.0,0.0,25.115110925073253,1791.75,0.6,0,1,0,0,Male,Semiurban
1,1,0,1,3,3333,2166.0,5499.0,130.0,360.0,1.0,23.64066193853428,1374.75,0.3611111111111111,0,1,0,1,Male,Semiurban
0,0,1,0,0,3846,0.0,3846.0,111.0,360.0,1.0,28.861154446177846,3846.0,0.30833333333333335,0,1,0,1,Female,Semiurban
1,1,1,1,1,2395,0.0,2395.0,128.0,360.0,1.0,53.4446764091858,1197.5,0.35555555555555557,0,1,0,1,Male,Semiurban
0,1,1,0,2,1378,1881.0,3259.0,167.0,360.0,1.0,51.2427124884934,1086.3333333333333,0.4638888888888889,0,0,1,0,Female,Urban
1,1,1,0,0,6000,2250.0,8250.0,265.0,360.0,1.0,32.121212121212125,8250.0,0.7361111111111112,0,1,0,0,Male,Semiurban
1,1,1,0,1,3988,0.0,3988.0,50.0,240.0,1.0,12.537612838515546,1994.0,0.20833333333333334,0,0,1,1,Male,Urban
1,0,1,0,0,2366,2531.0,4897.0,136.0,360.0,1.0,27.77210537063508,4897.0,0.37777777777777777,0,1,0,1,Male,Semiurban
1,1,0,0,2,3333,2000.0,5333.0,99.0,360.0,1.0,18.5636602287643,1777.6666666666667,0.275,0,1,0,1,Male,Semiurban
1,1,1,0,0,2500,2118.0,4618.0,104.0,360.0,1.0,22.52057167605024,4618.0,0.28888888888888886,0,1,0,1,Male,Semiurban
1,0,1,0,0,8566,0.0,8566.0,210.0,360.0,1.0,24.51552650011674,8566.0,0.5833333333333334,0,0,1,1,Male,Urban
1,1,1,0,0,5695,4167.0,9862.0,175.0,360.0,1.0,17.744879334820524,9862.0,0.4861111111111111,0,1,0,1,Male,Semiurban
1,1,1,0,0,2958,2900.0,5858.0,131.0,360.0,1.0,22.362581085694778,5858.0,0.3638888888888889,0,1,0,1,Male,Semiurban
1,1,1,0,2,6250,5654.0,11904.0,188.0,180.0,1.0,15.793010752688172,3968.0,1.0444444444444445,0,1,0,1,Male,Semiurban
1,1,0,0,2,3273,1820.0,5093.0,81.0,360.0,1.0,15.904182210877675,1697.6666666666667,0.225,0,0,1,1,Male,Urban
1,0,1,0,0,4133,0.0,4133.0,122.0,360.0,1.0,29.518509557222355,4133.0,0.3388888888888889,0,1,0,1,Male,Semiurban
1,0,0,0,0,3620,0.0,3620.0,25.0,120.0,1.0,6.906077348066298,3620.0,0.20833333333333334,0,1,0,1,Male,Semiurban
1,0,1,0,0,6782,0.0,6782.0,128.0,360.0,1.0,18.873488646416988,6782.0,0.35555555555555557,0,0,1,0,Male,Urban
0,1,1,0,0,2484,2302.0,4786.0,137.0,360.0,1.0,28.625156707062267,4786.0,0.38055555555555554,0,1,0,1,Female,Semiurban
1,1,1,0,0,1977,997.0,2974.0,50.0,360.0,1.0,16.812373907195695,2974.0,0.1388888888888889,0,1,0,1,Male,Semiurban
1,1,0,0,0,4188,0.0,4188.0,115.0,180.0,1.0,27.45940783190067,4188.0,0.6388888888888888,0,1,0,1,Male,Semiurban
1,1,1,0,0,1759,3541.0,5300.0,131.0,360.0,1.0,24.71698113207547,5300.0,0.3638888888888889,0,1,0,1,Male,Semiurban
1,1,0,0,2,4288,3263.0,7551.0,133.0,180.0,1.0,17.61356111773275,2517.0,0.7388888888888889,0,0,1,1,Male,Urban
1,0,1,0,0,4843,3806.0,8649.0,151.0,360.0,1.0,17.458665741704245,8649.0,0.41944444444444445,0,1,0,1,Male,Semiurban
1,1,1,0,0,13650,0.0,13650.0,128.0,360.0,1.0,9.377289377289378,13650.0,0.35555555555555557,0,0,1,1,Male,Urban
1,1,1,0,0,4652,3583.0,8235.0,128.0,360.0,1.0,15.543412264723742,8235.0,0.35555555555555557,0,1,0,1,Male,Semiurban
1,1,1,0,0,3816,754.0,4570.0,160.0,360.0,1.0,35.010940919037196,4570.0,0.4444444444444444,0,0,1,1,Male,Urban
1,1,1,0,1,3052,1030.0,4082.0,100.0,360.0,1.0,24.497795198432144,2041.0,0.2777777777777778,0,0,1,1,Male,Urban
1,1,1,0,2,11417,1126.0,12543.0,225.0,360.0,1.0,17.93829227457546,4181.0,0.625,0,0,1,1,Male,Urban
1,0,0,0,0,7333,0.0,7333.0,120.0,360.0,1.0,16.36438019909996,7333.0,0.3333333333333333,1,0,0,0,Male,Rural
1,1,1,0,2,3800,3600.0,7400.0,216.0,360.0,0.0,29.18918918918919,2466.6666666666665,0.6,0,0,1,0,Male,Urban
1,1,0,0,3,2071,754.0,2825.0,94.0,480.0,1.0,33.27433628318584,706.25,0.19583333333333333,0,1,0,1,Male,Semiurban
1,0,1,0,0,5316,0.0,5316.0,136.0,360.0,1.0,25.583145221971407,5316.0,0.37777777777777777,0,0,1,1,Male,Urban
0,1,1,0,0,2929,2333.0,5262.0,139.0,360.0,1.0,26.415811478525278,5262.0,0.3861111111111111,0,1,0,1,Female,Semiurban
1,1,0,0,0,3572,4114.0,7686.0,152.0,360.0,0.0,19.776216497527972,7686.0,0.4222222222222222,1,0,0,0,Male,Rural
0,0,1,1,1,7451,0.0,7451.0,128.0,360.0,1.0,17.17890216078379,3725.5,0.35555555555555557,0,1,0,1,Female,Semiurban
1,0,1,0,0,5050,0.0,5050.0,118.0,360.0,1.0,23.366336633663366,5050.0,0.3277777777777778,0,1,0,1,Male,Semiurban
1,1,1,0,1,14583,0.0,14583.0,185.0,180.0,1.0,12.686004251525748,7291.5,1.0277777777777777,1,0,0,1,Male,Rural
0,1,1,0,0,3167,2283.0,5450.0,154.0,360.0,1.0,28.256880733944953,5450.0,0.42777777777777776,0,1,0,1,Female,Semiurban
1,1,1,0,1,2214,1398.0,3612.0,85.0,360.0,1.0,23.53266888150609,1806.0,0.2361111111111111,0,0,1,1,Male,Urban
1,1,1,0,0,5568,2142.0,7710.0,175.0,360.0,1.0,22.69779507133593,7710.0,0.4861111111111111,1,0,0,0,Male,Rural
0,0,1,0,0,10408,0.0,10408.0,259.0,360.0,1.0,24.884704073789393,10408.0,0.7194444444444444,0,0,1,1,Female,Urban
1,1,1,0,0,5667,2667.0,8334.0,180.0,360.0,1.0,21.598272138228943,8334.0,0.5,1,0,0,1,Male,Rural
0,0,1,0,0,4166,0.0,4166.0,44.0,360.0,1.0,10.56168987037926,4166.0,0.12222222222222222,0,1,0,1,Female,Semiurban
0,0,1,0,0,2137,8980.0,11117.0,137.0,360.0,0.0,12.323468561662319,11117.0,0.38055555555555554,0,1,0,1,Female,Semiurban
1,1,1,0,2,2957,0.0,2957.0,81.0,360.0,1.0,27.392627663172135,985.6666666666666,0.225,0,1,0,1,Male,Semiurban
1,1,0,0,0,4300,2014.0,6314.0,194.0,360.0,1.0,30.72537218878682,6314.0,0.5388888888888889,1,0,0,1,Male,Rural
0,0,1,0,0,3692,0.0,3692.0,93.0,360.0,1.0,25.189599133261105,3692.0,0.25833333333333336,1,0,0,1,Female,Rural
1,1,1,0,3,23803,0.0,23803.0,370.0,360.0,1.0,15.544259127000798,5950.75,1.0277777777777777,1,0,0,1,Male,Rural
1,0,1,0,0,3865,1640.0,5505.0,128.0,360.0,1.0,23.251589464123523,5505.0,0.35555555555555557,1,0,0,1,Male,Rural
1,1,1,1,1,10513,3850.0,14363.0,160.0,180.0,0.0,11.139734038849824,7181.5,0.8888888888888888,0,0,1,0,Male,Urban
1,1,1,0,0,6080,2569.0,8649.0,182.0,360.0,1.0,21.042895132385247,8649.0,0.5055555555555555,1,0,0,0,Male,Rural
1,0,1,1,0,20166,0.0,20166.0,650.0,480.0,1.0,32.23247049489239,20166.0,1.3541666666666667,0,0,1,1,Male,Urban
1,0,1,0,0,2014,1929.0,3943.0,74.0,360.0,1.0,18.76743596246513,3943.0,0.20555555555555555,0,0,1,1,Male,Urban
1,0,1,0,0,2718,0.0,2718.0,70.0,360.0,1.0,25.754231052244297,2718.0,0.19444444444444445,0,1,0,1,Male,Semiurban
1,1,1,1,0,3459,0.0,3459.0,25.0,120.0,1.0,7.227522405319457,3459.0,0.20833333333333334,0,1,0,1,Male,Semiurban
1,0,1,0,0,4895,0.0,4895.0,102.0,360.0,1.0,20.837589376915222,4895.0,0.2833333333333333,0,1,0,1,Male,Semiurban
1,1,1,0,3,4000,7750.0,11750.0,290.0,360.0,1.0,24.680851063829788,2937.5,0.8055555555555556,0,1,0,0,Male,Semiurban
0,1,1,0,0,4583,0.0,4583.0,84.0,360.0,1.0,18.3286057167794,4583.0,0.23333333333333334,1,0,0,0,Female,Rural
1,1,1,1,2,3316,3500.0,6816.0,88.0,360.0,1.0,12.910798122065728,2272.0,0.24444444444444444,0,0,1,1,Male,Urban
1,0,1,0,0,14999,0.0,14999.0,242.0,360.0,0.0,16.134408960597373,14999.0,0.6722222222222223,0,1,0,0,Male,Semiurban
1,1,0,0,2,4200,1430.0,5630.0,129.0,360.0,1.0,22.91296625222025,1876.6666666666667,0.35833333333333334,1,0,0,0,Male,Rural
1,1,1,0,2,5042,2083.0,7125.0,185.0,360.0,1.0,25.964912280701753,2375.0,0.5138888888888888,1,0,0,0,Male,Rural
1,0,1,0,0,5417,0.0,5417.0,168.0,360.0,1.0,31.013476093778845,5417.0,0.4666666666666667,0,0,1,1,Male,Urban
1,0,1,1,0,6950,0.0,6950.0,175.0,180.0,1.0,25.179856115107913,6950.0,0.9722222222222222,0,1,0,1,Male,Semiurban
1,1,1,0,0,2698,2034.0,4732.0,122.0,360.0,1.0,25.78191039729501,4732.0,0.3388888888888889,0,1,0,1,Male,Semiurban
1,1,1,0,2,11757,0.0,11757.0,187.0,180.0,1.0,15.905418048821979,3919.0,1.038888888888889,0,0,1,1,Male,Urban
0,1,1,0,0,2330,4486.0,6816.0,100.0,360.0,1.0,14.671361502347418,6816.0,0.2777777777777778,0,1,0,1,Female,Semiurban
0,1,1,0,2,14866,0.0,14866.0,70.0,360.0,1.0,4.708731333243644,4955.333333333333,0.19444444444444445,0,0,1,1,Female,Urban
1,1,1,0,1,1538,1425.0,2963.0,30.0,360.0,1.0,10.12487343908201,1481.5,0.08333333333333333,0,0,1,1,Male,Urban
0,0,1,0,0,10000,1666.0,11666.0,225.0,360.0,1.0,19.286816389507973,11666.0,0.625,1,0,0,0,Female,Rural
1,1,1,0,0,4860,830.0,5690.0,125.0,360.0,1.0,21.968365553602812,5690.0,0.3472222222222222,0,1,0,1,Male,Semiurban
1,0,1,0,0,6277,0.0,6277.0,118.0,360.0,0.0,18.798789230524136,6277.0,0.3277777777777778,1,0,0,0,Male,Rural
1,1,1,1,0,2577,3750.0,6327.0,152.0,360.0,1.0,24.024024024024023,6327.0,0.4222222222222222,1,0,0,1,Male,Rural
1,0,1,0,0,9166,0.0,9166.0,244.0,360.0,1.0,26.620117826751034,9166.0,0.6777777777777778,0,0,1,0,Male,Urban
1,1,0,0,2,2281,0.0,2281.0,113.0,360.0,1.0,49.53967558088557,760.3333333333334,0.3138888888888889,1,0,0,0,Male,Rural
1,0,1,0,0,3254,0.0,3254.0,50.0,360.0,1.0,15.365703749231715,3254.0,0.1388888888888889,0,0,1,1,Male,Urban
1,1,1,0,3,39999,0.0,39999.0,600.0,180.0,0.0,15.000375009375233,9999.75,3.3333333333333335,0,1,0,1,Male,Semiurban
1,1,1,0,1,6000,0.0,6000.0,160.0,360.0,1.0,26.666666666666668,3000.0,0.4444444444444444,1,0,0,1,Male,Rural
1,1,1,0,1,9538,0.0,9538.0,187.0,360.0,1.0,19.605787376808554,4769.0,0.5194444444444445,0,0,1,1,Male,Urban
1,0,1,0,0,2980,2083.0,5063.0,120.0,360.0,1.0,23.701362828362633,5063.0,0.3333333333333333,1,0,0,1,Male,Rural
1,1,1,0,0,4583,5625.0,10208.0,255.0,360.0,1.0,24.980407523510973,10208.0,0.7083333333333334,0,1,0,1,Male,Semiurban
1,1,0,0,0,1863,1041.0,2904.0,98.0,360.0,1.0,33.7465564738292,2904.0,0.2722222222222222,0,1,0,1,Male,Semiurban
1,1,1,0,0,7933,0.0,7933.0,275.0,360.0,1.0,34.665322072355984,7933.0,0.7638888888888888,0,0,1,0,Male,Urban
1,1,1,0,1,3089,1280.0,4369.0,121.0,360.0,0.0,27.695124742504007,2184.5,0.33611111111111114,0,1,0,0,Male,Semiurban
1,1,1,0,2,4167,1447.0,5614.0,158.0,360.0,1.0,28.14392589953687,1871.3333333333333,0.4388888888888889,1,0,0,1,Male,Rural
1,1,1,0,0,9323,0.0,9323.0,75.0,180.0,1.0,8.044620830204869,9323.0,0.4166666666666667,0,0,1,1,Male,Urban
1,1,1,0,0,3707,3166.0,6873.0,182.0,360.0,1.0,26.480430670740578,6873.0,0.5055555555555555,1,0,0,1,Male,Rural
0,1,1,0,0,4583,0.0,4583.0,112.0,360.0,1.0,24.43814095570587,4583.0,0.3111111111111111,1,0,0,0,Female,Rural
1,1,1,0,0,2439,3333.0,5772.0,129.0,360.0,1.0,22.349272349272347,5772.0,0.35833333333333334,1,0,0,1,Male,Rural
1,0,1,0,0,2237,0.0,2237.0,63.0,480.0,0.0,28.162717925793473,2237.0,0.13125,0,1,0,0,Male,Semiurban
1,1,1,0,2,8000,0.0,8000.0,200.0,360.0,1.0,25.0,2666.6666666666665,0.5555555555555556,0,1,0,1,Male,Semiurban
1,1,0,0,0,1820,1769.0,3589.0,95.0,360.0,1.0,26.469768737809975,3589.0,0.2638888888888889,1,0,0,1,Male,Rural
1,1,1,0,3,51763,0.0,51763.0,700.0,300.0,1.0,13.523172922744045,12940.75,2.3333333333333335,0,0,1,1,Male,Urban
1,1,0,0,3,3522,0.0,3522.0,81.0,180.0,1.0,22.998296422487225,880.5,0.45,1,0,0,0,Male,Rural
1,1,1,0,0,5708,5625.0,11333.0,187.0,360.0,1.0,16.500485308391422,11333.0,0.5194444444444445,0,1,0,1,Male,Semiurban
1,1,0,1,0,4344,736.0,5080.0,87.0,360.0,1.0,17.125984251968504,5080.0,0.24166666666666667,0,1,0,0,Male,Semiurban
1,1,1,0,0,3497,1964.0,5461.0,116.0,360.0,1.0,21.241530855154732,5461.0,0.32222222222222224,1,0,0,1,Male,Rural
1,1,1,0,2,2045,1619.0,3664.0,101.0,360.0,1.0,27.565502183406114,1221.3333333333333,0.28055555555555556,1,0,0,1,Male,Rural
1,1,1,0,3,5516,11300.0,16816.0,495.0,360.0,0.0,29.436251189343484,4204.0,1.375,0,1,0,0,Male,Semiurban
1,1,1,0,1,3750,0.0,3750.0,116.0,360.0,1.0,30.933333333333334,1875.0,0.32222222222222224,0,1,0,1,Male,Semiurban
1,0,0,0,0,2333,1451.0,3784.0,102.0,480.0,0.0,26.955602536997887,3784.0,0.2125,0,0,1,0,Male,Urban
1,1,1,0,1,6400,7250.0,13650.0,180.0,360.0,0.0,13.186813186813186,6825.0,0.5,0,0,1,0,Male,Urban
1,0,1,0,0,1916,5063.0,6979.0,67.0,360.0,1.0,9.60022925920619,6979.0,0.18611111111111112,1,0,0,0,Male,Rural
1,1,1,0,0,4600,0.0,4600.0,73.0,180.0,1.0,15.869565217391306,4600.0,0.40555555555555556,0,1,0,1,Male,Semiurban
1,1,1,0,1,33846,0.0,33846.0,260.0,360.0,1.0,7.681853099332271,16923.0,0.7222222222222222,0,1,0,0,Male,Semiurban
0,1,1,0,0,3625,0.0,3625.0,108.0,360.0,1.0,29.79310344827586,3625.0,0.3,0,1,0,1,Female,Semiurban
1,1,1,1,0,39147,4750.0,43897.0,120.0,360.0,1.0,2.7336720049206096,43897.0,0.3333333333333333,0,1,0,1,Male,Semiurban
1,1,1,1,1,2178,0.0,2178.0,66.0,300.0,0.0,30.303030303030305,1089.0,0.22,1,0,0,0,Male,Rural
1,1,1,0,0,2383,2138.0,4521.0,58.0,360.0,1.0,12.829020128290201,4521.0,0.16111111111111112,1,0,0,1,Male,Rural
1,1,1,1,0,674,5296.0,5970.0,168.0,360.0,1.0,28.14070351758794,5970.0,0.4666666666666667,1,0,0,1,Male,Rural
1,1,1,0,0,9328,0.0,9328.0,188.0,180.0,1.0,20.154373927958837,9328.0,1.0444444444444445,1,0,0,1,Male,Rural
1,0,0,0,0,4885,0.0,4885.0,48.0,360.0,1.0,9.825997952917094,4885.0,0.13333333333333333,1,0,0,1,Male,Rural
1,0,1,0,0,12000,0.0,12000.0,164.0,360.0,1.0,13.666666666666666,12000.0,0.45555555555555555,0,1,0,0,Male,Semiurban
1,1,0,0,0,6033,0.0,6033.0,160.0,360.0,1.0,26.52080225426819,6033.0,0.4444444444444444,0,0,1,0,Male,Urban
1,0,1,0,0,3858,0.0,3858.0,76.0,360.0,1.0,19.699326075686884,3858.0,0.2111111111111111,0,1,0,1,Male,Semiurban
1,0,1,0,0,4191,0.0,4191.0,120.0,360.0,1.0,28.63278453829635,4191.0,0.3333333333333333,1,0,0,1,Male,Rural
1,1,1,0,1,3125,2583.0,5708.0,170.0,360.0,1.0,29.782761037140855,2854.0,0.4722222222222222,0,1,0,0,Male,Semiurban
1,0,1,0,0,8333,3750.0,12083.0,187.0,360.0,1.0,15.476289001075891,12083.0,0.5194444444444445,1,0,0,1,Male,Rural
0,0,0,0,0,1907,2365.0,4272.0,120.0,360.0,1.0,28.089887640449437,4272.0,0.3333333333333333,0,0,1,1,Female,Urban
0,1,1,0,0,3416,2816.0,6232.0,113.0,360.0,1.0,18.13222079589217,6232.0,0.3138888888888889,0,1,0,1,Female,Semiurban
1,0,1,1,0,11000,0.0,11000.0,83.0,360.0,1.0,7.545454545454546,11000.0,0.23055555555555557,0,0,1,0,Male,Urban
1,1,0,0,1,2600,2500.0,5100.0,90.0,360.0,1.0,17.647058823529413,2550.0,0.25,0,1,0,1,Male,Semiurban
1,0,1,0,2,4923,0.0,4923.0,166.0,360.0,0.0,33.719276863701,1641.0,0.46111111111111114,0,1,0,1,Male,Semiurban
1,1,0,0,3,3992,0.0,3992.0,128.0,180.0,1.0,32.06412825651302,998.0,0.7111111111111111,0,0,1,0,Male,Urban
1,1,0,0,1,3500,1083.0,4583.0,135.0,360.0,1.0,29.45668775910975,2291.5,0.375,0,0,1,1,Male,Urban
1,1,0,0,2,3917,0.0,3917.0,124.0,360.0,1.0,31.65688026550932,1305.6666666666667,0.34444444444444444,0,1,0,1,Male,Semiurban
0,0,0,0,0,4408,0.0,4408.0,120.0,360.0,1.0,27.223230490018146,4408.0,0.3333333333333333,0,1,0,1,Female,Semiurban
0,0,1,0,0,3244,0.0,3244.0,80.0,360.0,1.0,24.660912453760787,3244.0,0.2222222222222222,0,0,1,1,Female,Urban
1,0,0,0,0,3975,2531.0,6506.0,55.0,360.0,1.0,8.453735013833384,6506.0,0.1527777777777778,1,0,0,1,Male,Rural
1,0,1,0,0,2479,0.0,2479.0,59.0,360.0,1.0,23.79991932230738,2479.0,0.1638888888888889,0,0,1,1,Male,Urban
1,0,1,0,0,3418,0.0,3418.0,127.0,360.0,1.0,37.15623171445289,3418.0,0.3527777777777778,0,1,0,0,Male,Semiurban
0,0,1,0,0,10000,0.0,10000.0,214.0,360.0,1.0,21.4,10000.0,0.5944444444444444,0,1,0,0,Female,Semiurban
1,1,1,0,3,3430,1250.0,4680.0,128.0,360.0,0.0,27.350427350427353,1170.0,0.35555555555555557,0,1,0,0,Male,Semiurban
1,1,1,1,1,7787,0.0,7787.0,240.0,360.0,1.0,30.820598433286246,3893.5,0.6666666666666666,0,0,1,1,Male,Urban
1,1,0,1,3,5703,0.0,5703.0,130.0,360.0,1.0,22.79502016482553,1425.75,0.3611111111111111,1,0,0,1,Male,Rural
1,1,1,0,0,3173,3021.0,6194.0,137.0,360.0,1.0,22.118178882789795,6194.0,0.38055555555555554,0,0,1,1,Male,Urban
1,1,0,0,3,3850,983.0,4833.0,100.0,360.0,1.0,20.69108214359611,1208.25,0.2777777777777778,0,1,0,1,Male,Semiurban
1,1,1,0,0,150,1800.0,1950.0,135.0,360.0,1.0,69.23076923076923,1950.0,0.375,1,0,0,0,Male,Rural
1,1,1,0,0,3727,1775.0,5502.0,131.0,360.0,1.0,23.80952380952381,5502.0,0.3638888888888889,0,1,0,1,Male,Semiurban
1,1,1,0,2,5000,0.0,5000.0,72.0,360.0,0.0,14.4,1666.6666666666667,0.2,0,1,0,0,Male,Semiurban
0,1,1,0,2,4283,2383.0,6666.0,127.0,360.0,1.0,19.05190519051905,2222.0,0.3527777777777778,0,1,0,1,Female,Semiurban
1,1,1,0,0,2221,0.0,2221.0,60.0,360.0,0.0,27.014858171994597,2221.0,0.16666666666666666,0,0,1,0,Male,Urban
1,1,1,0,2,4009,1717.0,5726.0,116.0,360.0,1.0,20.258470136220748,1908.6666666666667,0.32222222222222224,0,1,0,1,Male,Semiurban
1,0,1,0,0,2971,2791.0,5762.0,144.0,360.0,1.0,24.991322457480045,5762.0,0.4,0,1,0,1,Male,Semiurban
1,1,1,0,0,7578,1010.0,8588.0,175.0,360.0,1.0,20.377270610153705,8588.0,0.4861111111111111,0,1,0,1,Male,Semiurban
1,1,1,0,0,6250,0.0,6250.0,128.0,360.0,1.0,20.48,6250.0,0.35555555555555557,0,1,0,1,Male,Semiurban
1,1,1,0,0,3250,0.0,3250.0,170.0,360.0,1.0,52.30769230769231,3250.0,0.4722222222222222,1,0,0,0,Male,Rural
1,1,0,1,0,4735,0.0,4735.0,138.0,360.0,1.0,29.144667370644136,4735.0,0.38333333333333336,0,0,1,0,Male,Urban
1,1,1,0,2,6250,1695.0,7945.0,210.0,360.0,1.0,26.431718061674008,2648.3333333333335,0.5833333333333334,0,1,0,1,Male,Semiurban
1,1,1,0,0,4758,0.0,4758.0,158.0,480.0,1.0,33.2072299285414,4758.0,0.32916666666666666,0,1,0,1,Male,Semiurban
1,0,1,1,0,6400,0.0,6400.0,200.0,360.0,1.0,31.25,6400.0,0.5555555555555556,1,0,0,1,Male,Rural
1,1,1,0,1,2491,2054.0,4545.0,104.0,360.0,1.0,22.882288228822883,2272.5,0.28888888888888886,0,1,0,1,Male,Semiurban
1,1,1,0,0,3716,0.0,3716.0,42.0,180.0,1.0,11.302475780409042,3716.0,0.23333333333333334,1,0,0,1,Male,Rural
1,0,0,0,0,3189,2598.0,5787.0,120.0,360.0,1.0,20.73613271124935,5787.0,0.3333333333333333,1,0,0,1,Male,Rural
0,0,1,0,0,8333,0.0,8333.0,280.0,360.0,1.0,33.60134405376215,8333.0,0.7777777777777778,0,1,0,1,Female,Semiurban
1,1,1,0,1,3155,1779.0,4934.0,140.0,360.0,1.0,28.37454398054317,2467.0,0.3888888888888889,0,1,0,1,Male,Semiurban
1,1,1,0,1,5500,1260.0,6760.0,170.0,360.0,1.0,25.14792899408284,3380.0,0.4722222222222222,1,0,0,1,Male,Rural
1,1,1,0,0,5746,0.0,5746.0,255.0,360.0,1.0,44.378698224852066,5746.0,0.7083333333333334,0,0,1,0,Male,Urban
0,0,1,1,0,3463,0.0,3463.0,122.0,360.0,1.0,35.229569737222064,3463.0,0.3388888888888889,0,0,1,1,Female,Urban
0,0,1,0,1,3812,0.0,3812.0,112.0,360.0,1.0,29.380902413431272,1906.0,0.3111111111111111,1,0,0,1,Female,Rural
1,1,1,0,1,3315,0.0,3315.0,96.0,360.0,1.0,28.959276018099548,1657.5,0.26666666666666666,0,1,0,1,Male,Semiurban
1,1,1,0,2,5819,5000.0,10819.0,120.0,360.0,1.0,11.09159811442832,3606.3333333333335,0.3333333333333333,1,0,0,1,Male,Rural
1,1,0,0,1,2510,1983.0,4493.0,140.0,180.0,1.0,31.15958157133318,2246.5,0.7777777777777778,0,0,1,0,Male,Urban
1,0,1,0,0,2965,5701.0,8666.0,155.0,60.0,1.0,17.88599123009462,8666.0,2.5833333333333335,0,0,1,1,Male,Urban
1,1,1,1,2,6250,1300.0,7550.0,108.0,360.0,1.0,14.304635761589404,2516.6666666666665,0.3,1,0,0,1,Male,Rural
1,1,0,0,0,3406,4417.0,7823.0,123.0,360.0,1.0,15.72286846478333,7823.0,0.3416666666666667,0,1,0,1,Male,Semiurban
1,0,1,1,0,6050,4333.0,10383.0,120.0,180.0,1.0,11.55735336607917,10383.0,0.6666666666666666,0,0,1,0,Male,Urban
1,1,1,0,2,9703,0.0,9703.0,112.0,360.0,1.0,11.542821807688345,3234.3333333333335,0.3111111111111111,0,0,1,1,Male,Urban
1,1,0,0,1,6608,0.0,6608.0,137.0,180.0,1.0,20.732445520581116,3304.0,0.7611111111111111,0,0,1,1,Male,Urban
1,1,1,0,1,2882,1843.0,4725.0,123.0,480.0,1.0,26.031746031746035,2362.5,0.25625,0,1,0,1,Male,Semiurban
1,1,1,0,0,1809,1868.0,3677.0,90.0,360.0,1.0,24.476475387544195,3677.0,0.25,0,0,1,1,Male,Urban
1,1,0,0,0,1668,3890.0,5558.0,201.0,360.0,0.0,36.1640878013674,5558.0,0.5583333333333333,0,1,0,0,Male,Semiurban
0,0,1,0,2,3427,0.0,3427.0,138.0,360.0,1.0,40.26845637583892,1142.3333333333333,0.38333333333333336,0,0,1,0,Female,Urban
1,0,0,1,0,2583,2167.0,4750.0,104.0,360.0,1.0,21.894736842105264,4750.0,0.28888888888888886,1,0,0,1,Male,Rural
1,1,0,0,1,2661,7101.0,9762.0,279.0,180.0,1.0,28.58020897357099,4881.0,1.55,0,1,0,1,Male,Semiurban
1,0,1,1,0,16250,0.0,16250.0,192.0,360.0,0.0,11.815384615384616,16250.0,0.5333333333333333,0,0,1,0,Male,Urban
0,0,1,0,3,3083,0.0,3083.0,255.0,360.0,1.0,82.71164450210833,770.75,0.7083333333333334,1,0,0,1,Female,Rural
1,0,0,0,0,6045,0.0,6045.0,115.0,360.0,0.0,19.02398676592225,6045.0,0.3194444444444444,1,0,0,0,Male,Rural
1,1,1,0,3,5250,0.0,5250.0,94.0,360.0,1.0,17.904761904761905,1312.5,0.2611111111111111,0,0,1,0,Male,Urban
1,1,1,0,0,14683,2100.0,16783.0,304.0,360.0,1.0,18.113567300244295,16783.0,0.8444444444444444,1,0,0,0,Male,Rural
1,1,0,0,3,4931,0.0,4931.0,128.0,360.0,1.0,25.958223484080307,1232.75,0.35555555555555557,0,1,0,0,Male,Semiurban
1,1,1,0,1,6083,4250.0,10333.0,330.0,360.0,1.0,31.93651408109939,5166.5,0.9166666666666666,0,0,1,1,Male,Urban
1,0,1,0,0,2060,2209.0,4269.0,134.0,360.0,1.0,31.389084094635745,4269.0,0.37222222222222223,0,1,0,1,Male,Semiurban
0,0,1,0,1,3481,0.0,3481.0,155.0,36.0,1.0,44.52743464521689,1740.5,4.305555555555555,0,1,0,0,Female,Semiurban
0,0,1,0,0,7200,0.0,7200.0,120.0,360.0,1.0,16.666666666666668,7200.0,0.3333333333333333,1,0,0,1,Female,Rural
1,0,1,1,0,5166,0.0,5166.0,128.0,360.0,1.0,24.777390631049165,5166.0,0.35555555555555557,0,1,0,1,Male,Semiurban
1,0,1,0,0,4095,3447.0,7542.0,151.0,360.0,1.0,20.02121453195439,7542.0,0.41944444444444445,1,0,0,1,Male,Rural
1,1,1,0,2,4708,1387.0,6095.0,150.0,360.0,1.0,24.61033634126333,2031.6666666666667,0.4166666666666667,0,1,0,1,Male,Semiurban
1,1,1,0,3,4333,1811.0,6144.0,160.0,360.0,0.0,26.041666666666668,1536.0,0.4444444444444444,0,0,1,1,Male,Urban
0,0,1,0,0,3418,0.0,3418.0,135.0,360.0,1.0,39.49678174370977,3418.0,0.375,1,0,0,0,Female,Rural
0,0,1,0,1,2876,1560.0,4436.0,90.0,360.0,1.0,20.288548241659154,2218.0,0.25,0,0,1,1,Female,Urban
0,0,1,0,0,3237,0.0,3237.0,30.0,360.0,1.0,9.267840593141798,3237.0,0.08333333333333333,0,0,1,1,Female,Urban
1,1,1,0,0,11146,0.0,11146.0,136.0,360.0,1.0,12.201686703750223,11146.0,0.37777777777777777,0,0,1,1,Male,Urban
1,0,1,0,0,2833,1857.0,4690.0,126.0,360.0,1.0,26.865671641791042,4690.0,0.35,1,0,0,1,Male,Rural
1,1,1,0,0,2620,2223.0,4843.0,150.0,360.0,1.0,30.97253768325418,4843.0,0.4166666666666667,0,1,0,1,Male,Semiurban
1,1,1,0,2,3900,0.0,3900.0,90.0,360.0,1.0,23.076923076923077,1300.0,0.25,0,1,0,1,Male,Semiurban
1,1,1,0,1,2750,1842.0,4592.0,115.0,360.0,1.0,25.043554006968645,2296.0,0.3194444444444444,0,1,0,1,Male,Semiurban
1,1,1,0,0,3993,3274.0,7267.0,207.0,360.0,1.0,28.484931883858536,7267.0,0.575,0,1,0,1,Male,Semiurban
1,1,1,0,0,3103,1300.0,4403.0,80.0,360.0,1.0,18.169429934135817,4403.0,0.2222222222222222,0,0,1,1,Male,Urban
1,1,1,0,0,14583,0.0,14583.0,436.0,360.0,1.0,29.89782623602825,14583.0,1.211111111111111,0,1,0,1,Male,Semiurban
0,1,0,0,0,4100,0.0,4100.0,124.0,360.0,1.0,30.243902439024392,4100.0,0.34444444444444444,1,0,0,1,Female,Rural
1,0,0,1,1,4053,2426.0,6479.0,158.0,360.0,0.0,24.386479394968358,3239.5,0.4388888888888889,0,0,1,0,Male,Urban
1,1,1,0,0,3927,800.0,4727.0,112.0,360.0,1.0,23.693674635075098,4727.0,0.3111111111111111,0,1,0,1,Male,Semiurban
1,1,1,0,2,2301,985.7999878,3286.7999878,78.0,180.0,1.0,23.731288879615953,1095.5999959333333,0.43333333333333335,0,0,1,1,Male,Urban
0,0,1,0,0,1811,1666.0,3477.0,54.0,360.0,1.0,15.53062985332183,3477.0,0.15,0,0,1,1,Female,Urban
1,1,1,0,0,20667,0.0,20667.0,128.0,360.0,1.0,6.193448492766246,20667.0,0.35555555555555557,1,0,0,0,Male,Rural
1,0,1,0,0,3158,3053.0,6211.0,89.0,360.0,1.0,14.329415553051037,6211.0,0.24722222222222223,1,0,0,1,Male,Rural
0,0,1,1,0,2600,1717.0,4317.0,99.0,300.0,1.0,22.932592077831828,4317.0,0.33,0,1,0,0,Female,Semiurban
1,1,1,0,0,3704,2000.0,5704.0,120.0,360.0,1.0,21.03786816269285,5704.0,0.3333333333333333,1,0,0,1,Male,Rural
0,0,1,0,0,4124,0.0,4124.0,115.0,360.0,1.0,27.885548011639187,4124.0,0.3194444444444444,0,1,0,1,Female,Semiurban
1,0,1,0,0,9508,0.0,9508.0,187.0,360.0,1.0,19.667648296171645,9508.0,0.5194444444444445,1,0,0,1,Male,Rural
1,1,1,0,0,3075,2416.0,5491.0,139.0,360.0,1.0,25.314150427973047,5491.0,0.3861111111111111,1,0,0,1,Male,Rural
1,1,1,0,2,4400,0.0,4400.0,127.0,360.0,0.0,28.86363636363636,1466.6666666666667,0.3527777777777778,0,1,0,0,Male,Semiurban
1,1,1,0,2,3153,1560.0,4713.0,134.0,360.0,1.0,28.43199660513473,1571.0,0.37222222222222223,0,0,1,1,Male,Urban
0,0,1,0,0,5417,0.0,5417.0,143.0,480.0,0.0,26.398375484585564,5417.0,0.29791666666666666,0,0,1,0,Female,Urban
1,1,1,0,0,2383,3334.0,5717.0,172.0,360.0,1.0,30.08570928808816,5717.0,0.4777777777777778,0,1,0,1,Male,Semiurban
1,1,1,0,3,4416,1250.0,5666.0,110.0,360.0,1.0,19.41404871161313,1416.5,0.3055555555555556,0,0,1,1,Male,Urban
1,1,1,0,1,6875,0.0,6875.0,200.0,360.0,1.0,29.09090909090909,3437.5,0.5555555555555556,0,1,0,1,Male,Semiurban
0,1,1,0,1,4666,0.0,4666.0,135.0,360.0,1.0,28.932704672096012,2333.0,0.375,0,0,1,1,Female,Urban
0,0,1,0,0,5000,2541.0,7541.0,151.0,480.0,1.0,20.023869513327146,7541.0,0.3145833333333333,1,0,0,0,Female,Rural
1,1,1,0,1,2014,2925.0,4939.0,113.0,360.0,1.0,22.87912532901397,2469.5,0.3138888888888889,0,0,1,0,Male,Urban
1,1,0,0,0,1800,2934.0,4734.0,93.0,360.0,0.0,19.64512040557668,4734.0,0.25833333333333336,0,0,1,0,Male,Urban
1,1,0,0,0,2875,1750.0,4625.0,105.0,360.0,1.0,22.7027027027027,4625.0,0.2916666666666667,0,1,0,1,Male,Semiurban
0,0,1,0,0,5000,0.0,5000.0,132.0,360.0,1.0,26.4,5000.0,0.36666666666666664,1,0,0,1,Female,Rural
1,1,1,0,1,1625,1803.0,3428.0,96.0,360.0,1.0,28.004667444574096,1714.0,0.26666666666666666,0,0,1,1,Male,Urban
1,0,1,0,0,4000,2500.0,6500.0,140.0,360.0,1.0,21.53846153846154,6500.0,0.3888888888888889,1,0,0,1,Male,Rural
1,0,0,0,0,2000,0.0,2000.0,128.0,360.0,1.0,64.0,2000.0,0.35555555555555557,0,0,1,0,Male,Urban
0,0,1,0,0,3762,1666.0,5428.0,135.0,360.0,1.0,24.871039056742816,5428.0,0.375,1,0,0,1,Female,Rural
0,0,1,0,0,2400,1863.0,4263.0,104.0,360.0,0.0,24.39596528266479,4263.0,0.28888888888888886,0,0,1,0,Female,Urban
1,0,1,0,0,20233,0.0,20233.0,480.0,360.0,1.0,23.72361982899224,20233.0,1.3333333333333333,1,0,0,0,Male,Rural
1,1,0,0,2,7667,0.0,7667.0,185.0,360.0,1.0,24.129385678883526,2555.6666666666665,0.5138888888888888,1,0,0,1,Male,Rural
0,0,1,0,0,2917,0.0,2917.0,84.0,360.0,1.0,28.796708947548854,2917.0,0.23333333333333334,0,1,0,1,Female,Semiurban
1,0,0,0,0,2927,2405.0,5332.0,111.0,360.0,1.0,20.817704426106527,5332.0,0.30833333333333335,0,1,0,1,Male,Semiurban
0,0,1,0,0,2507,0.0,2507.0,56.0,360.0,1.0,22.337455125648184,2507.0,0.15555555555555556,1,0,0,1,Female,Rural
1,1,1,1,2,5746,0.0,5746.0,144.0,84.0,1.0,25.06091193873999,1915.3333333333333,1.7142857142857142,1,0,0,1,Male,Rural
1,1,1,0,0,2473,1843.0,4316.0,159.0,360.0,1.0,36.83966635773865,4316.0,0.44166666666666665,1,0,0,0,Male,Rural
1,1,0,0,1,3399,1640.0,5039.0,111.0,180.0,1.0,22.028180194483035,2519.5,0.6166666666666667,0,0,1,1,Male,Urban
1,1,1,0,2,3717,0.0,3717.0,120.0,360.0,1.0,32.284100080710246,1239.0,0.3333333333333333,0,1,0,1,Male,Semiurban
1,1,1,0,0,2058,2134.0,4192.0,88.0,360.0,1.0,20.99236641221374,4192.0,0.24444444444444444,0,0,1,1,Male,Urban
0,0,1,0,1,3541,0.0,3541.0,112.0,360.0,1.0,31.629483196837054,1770.5,0.3111111111111111,0,1,0,1,Female,Semiurban
1,1,1,1,1,10000,0.0,10000.0,155.0,360.0,1.0,15.5,5000.0,0.4305555555555556,1,0,0,0,Male,Rural
1,1,1,0,0,2400,2167.0,4567.0,115.0,360.0,1.0,25.180643748631486,4567.0,0.3194444444444444,0,1,0,1,Male,Semiurban
1,1,1,0,3,4342,189.0,4531.0,124.0,360.0,1.0,27.367027146325317,1132.75,0.34444444444444444,0,1,0,1,Male,Semiurban
1,1,0,0,2,3601,1590.0,5191.0,128.0,360.0,1.0,24.658062030437296,1730.3333333333333,0.35555555555555557,1,0,0,1,Male,Rural
0,0,1,0,0,3166,2985.0,6151.0,132.0,360.0,1.0,21.459925215412127,6151.0,0.36666666666666664,1,0,0,1,Female,Rural
1,1,1,0,3,15000,0.0,15000.0,300.0,360.0,1.0,20.0,3750.0,0.8333333333333334,1,0,0,1,Male,Rural
1,1,1,1,1,8666,4983.0,13649.0,376.0,360.0,0.0,27.54780570005129,6824.5,1.0444444444444445,1,0,0,0,Male,Rural
1,0,1,0,0,4917,0.0,4917.0,130.0,360.0,0.0,26.438885499288183,4917.0,0.3611111111111111,1,0,0,1,Male,Rural
1,1,1,1,0,5818,2160.0,7978.0,184.0,360.0,1.0,23.063424417147154,7978.0,0.5111111111111111,0,1,0,1,Male,Semiurban
0,1,1,0,0,4333,2451.0,6784.0,110.0,360.0,1.0,16.214622641509436,6784.0,0.3055555555555556,0,0,1,0,Female,Urban
0,0,1,0,0,2500,0.0,2500.0,67.0,360.0,1.0,26.8,2500.0,0.18611111111111112,0,0,1,1,Female,Urban
1,0,1,0,1,4384,1793.0,6177.0,117.0,360.0,1.0,18.94123360854784,3088.5,0.325,0,0,1,1,Male,Urban
1,0,1,0,0,2935,0.0,2935.0,98.0,360.0,1.0,33.3901192504259,2935.0,0.2722222222222222,0,1,0,1,Male,Semiurban
1,0,1,0,0,2833,0.0,2833.0,71.0,360.0,1.0,25.061771973173315,2833.0,0.19722222222222222,0,0,1,1,Male,Urban
1,1,1,0,0,63337,0.0,63337.0,490.0,180.0,1.0,7.736394208756335,63337.0,2.7222222222222223,0,0,1,1,Male,Urban
1,1,1,1,1,9833,1833.0,11666.0,182.0,180.0,1.0,15.600891479513114,5833.0,1.011111111111111,0,0,1,1,Male,Urban
1,1,1,1,0,5503,4490.0,9993.0,70.0,360.0,1.0,7.004903432402681,9993.0,0.19444444444444445,0,1,0,1,Male,Semiurban
1,1,1,0,1,5250,688.0,5938.0,160.0,360.0,1.0,26.94509936005389,2969.0,0.4444444444444444,1,0,0,1,Male,Rural
1,1,1,1,2,2500,4600.0,7100.0,176.0,360.0,1.0,24.7887323943662,2366.6666666666665,0.4888888888888889,1,0,0,1,Male,Rural
0,0,0,0,3,1830,0.0,1830.0,128.0,360.0,0.0,69.94535519125682,457.5,0.35555555555555557,0,0,1,0,Female,Urban
0,0,1,0,0,4160,0.0,4160.0,71.0,360.0,1.0,17.067307692307693,4160.0,0.19722222222222222,0,1,0,1,Female,Semiurban
1,1,0,0,3,2647,1587.0,4234.0,173.0,360.0,1.0,40.859707132735004,1058.5,0.48055555555555557,1,0,0,0,Male,Rural
0,0,1,0,0,2378,0.0,2378.0,46.0,360.0,1.0,19.343986543313708,2378.0,0.12777777777777777,1,0,0,0,Female,Rural
1,1,0,0,1,4554,1229.0,5783.0,158.0,360.0,1.0,27.321459450112396,2891.5,0.4388888888888889,0,0,1,1,Male,Urban
1,1,0,0,3,3173,0.0,3173.0,74.0,360.0,1.0,23.321777497636305,793.25,0.20555555555555555,0,1,0,1,Male,Semiurban
1,1,1,0,2,2583,2330.0,4913.0,125.0,360.0,1.0,25.4427030327702,1637.6666666666667,0.3472222222222222,1,0,0,1,Male,Rural
1,1,1,0,0,2499,2458.0,4957.0,160.0,360.0,1.0,32.27758725035304,4957.0,0.4444444444444444,0,1,0,1,Male,Semiurban
1,1,0,0,0,3523,3230.0,6753.0,152.0,360.0,0.0,22.50851473419221,6753.0,0.4222222222222222,1,0,0,0,Male,Rural
1,1,0,0,2,3083,2168.0,5251.0,126.0,360.0,1.0,23.995429442011044,1750.3333333333333,0.35,0,0,1,1,Male,Urban
1,1,1,0,0,6333,4583.0,10916.0,259.0,360.0,1.0,23.72663979479663,10916.0,0.7194444444444444,0,1,0,1,Male,Semiurban
1,1,1,0,0,2625,6250.0,8875.0,187.0,360.0,1.0,21.070422535211268,8875.0,0.5194444444444445,1,0,0,1,Male,Rural
1,1,1,0,0,9083,0.0,9083.0,228.0,360.0,1.0,25.101838599581637,9083.0,0.6333333333333333,0,1,0,1,Male,Semiurban
1,0,1,0,0,8750,4167.0,12917.0,308.0,360.0,1.0,23.844545947201365,12917.0,0.8555555555555555,1,0,0,0,Male,Rural
1,1,1,0,3,2666,2083.0,4749.0,95.0,360.0,1.0,20.00421141292904,1187.25,0.2638888888888889,1,0,0,1,Male,Rural
0,1,1,1,0,5500,0.0,5500.0,105.0,360.0,0.0,19.09090909090909,5500.0,0.2916666666666667,1,0,0,0,Female,Rural
0,1,1,0,0,2423,505.0,2928.0,130.0,360.0,1.0,44.39890710382514,2928.0,0.3611111111111111,0,1,0,1,Female,Semiurban
0,0,1,0,0,3813,0.0,3813.0,116.0,180.0,1.0,30.42223970626803,3813.0,0.6444444444444445,0,0,1,1,Female,Urban
1,1,1,0,2,8333,3167.0,11500.0,165.0,360.0,1.0,14.347826086956522,3833.3333333333335,0.4583333333333333,1,0,0,1,Male,Rural
1,1,1,0,1,3875,0.0,3875.0,67.0,360.0,1.0,17.29032258064516,1937.5,0.18611111111111112,0,0,1,0,Male,Urban
1,1,0,0,0,3000,1666.0,4666.0,100.0,480.0,0.0,21.43163309044149,4666.0,0.20833333333333334,0,0,1,0,Male,Urban
1,1,1,0,3,5167,3167.0,8334.0,200.0,360.0,1.0,23.998080153587715,2083.5,0.5555555555555556,0,1,0,1,Male,Semiurban
0,0,1,0,1,4723,0.0,4723.0,81.0,360.0,1.0,17.150116451408003,2361.5,0.225,0,1,0,0,Female,Semiurban
1,1,1,0,2,5000,3667.0,8667.0,236.0,360.0,1.0,27.229721933771778,2889.0,0.6555555555555556,0,1,0,1,Male,Semiurban
1,1,1,0,0,4750,2333.0,7083.0,130.0,360.0,1.0,18.353804884935762,7083.0,0.3611111111111111,0,0,1,1,Male,Urban
1,1,1,0,0,3013,3033.0,6046.0,95.0,300.0,1.0,15.7128680119087,6046.0,0.31666666666666665,0,0,1,1,Male,Urban
1,0,1,1,0,6822,0.0,6822.0,141.0,360.0,1.0,20.668425681618295,6822.0,0.39166666666666666,1,0,0,1,Male,Rural
1,0,0,0,0,6216,0.0,6216.0,133.0,360.0,1.0,21.396396396396394,6216.0,0.36944444444444446,1,0,0,0,Male,Rural
1,0,1,0,0,2500,0.0,2500.0,96.0,480.0,1.0,38.4,2500.0,0.2,0,1,0,0,Male,Semiurban
1,0,1,0,0,5124,0.0,5124.0,124.0,360.0,0.0,24.19984387197502,5124.0,0.34444444444444444,1,0,0,0,Male,Rural
1,1,1,0,1,6325,0.0,6325.0,175.0,360.0,1.0,27.66798418972332,3162.5,0.4861111111111111,0,1,0,1,Male,Semiurban
1,1,1,0,0,19730,5266.0,24996.0,570.0,360.0,1.0,22.803648583773406,24996.0,1.5833333333333333,1,0,0,0,Male,Rural
0,0,1,1,0,15759,0.0,15759.0,55.0,360.0,1.0,3.490069166825306,15759.0,0.1527777777777778,0,1,0,1,Female,Semiurban
1,1,1,0,2,5185,0.0,5185.0,155.0,360.0,1.0,29.893924783027966,1728.3333333333333,0.4305555555555556,0,1,0,1,Male,Semiurban
1,1,1,1,2,9323,7873.0,17196.0,380.0,300.0,1.0,22.09816236334031,5732.0,1.2666666666666666,1,0,0,1,Male,Rural
1,0,1,0,1,3062,1987.0,5049.0,111.0,180.0,0.0,21.9845513963161,2524.5,0.6166666666666667,0,0,1,0,Male,Urban
0,0,1,0,0,2764,1459.0,4223.0,110.0,360.0,1.0,26.04783329386692,4223.0,0.3055555555555556,0,0,1,1,Female,Urban
1,1,1,0,0,4817,923.0,5740.0,120.0,180.0,1.0,20.905923344947734,5740.0,0.6666666666666666,0,0,1,1,Male,Urban
1,1,1,0,3,8750,4996.0,13746.0,130.0,360.0,1.0,9.457296668121636,3436.5,0.3611111111111111,1,0,0,1,Male,Rural
1,1,1,0,0,4310,0.0,4310.0,130.0,360.0,1.0,30.162412993039446,4310.0,0.3611111111111111,0,1,0,1,Male,Semiurban
1,0,1,0,0,3069,0.0,3069.0,71.0,480.0,1.0,23.134571521668295,3069.0,0.14791666666666667,0,0,1,0,Male,Urban
1,1,1,0,2,5391,0.0,5391.0,130.0,360.0,1.0,24.114264514932295,1797.0,0.3611111111111111,0,0,1,1,Male,Urban
1,1,1,0,0,3333,2500.0,5833.0,128.0,360.0,1.0,21.944111092062403,5833.0,0.35555555555555557,0,1,0,1,Male,Semiurban
1,0,1,0,0,5941,4232.0,10173.0,296.0,360.0,1.0,29.096628329892855,10173.0,0.8222222222222222,0,1,0,1,Male,Semiurban
0,0,1,0,0,6000,0.0,6000.0,156.0,360.0,1.0,26.0,6000.0,0.43333333333333335,0,0,1,1,Female,Urban
1,0,1,1,0,7167,0.0,7167.0,128.0,360.0,1.0,17.859634435607646,7167.0,0.35555555555555557,0,0,1,1,Male,Urban
1,1,1,0,2,4566,0.0,4566.0,100.0,360.0,1.0,21.901007446342533,1522.0,0.2777777777777778,0,0,1,0,Male,Urban
1,0,1,0,1,3667,0.0,3667.0,113.0,180.0,1.0,30.815380419961823,1833.5,0.6277777777777778,0,0,1,1,Male,Urban
1,0,0,0,0,2346,1600.0,3946.0,132.0,360.0,1.0,33.451596553471866,3946.0,0.36666666666666664,0,1,0,1,Male,Semiurban
1,1,0,0,0,3010,3136.0,6146.0,128.0,360.0,0.0,20.826553856166612,6146.0,0.35555555555555557,0,0,1,0,Male,Urban
1,1,1,0,0,2333,2417.0,4750.0,136.0,360.0,1.0,28.63157894736842,4750.0,0.37777777777777777,0,0,1,1,Male,Urban
1,1,1,0,0,5488,0.0,5488.0,125.0,360.0,1.0,22.77696793002915,5488.0,0.3472222222222222,1,0,0,1,Male,Rural
1,0,1,0,3,9167,0.0,9167.0,185.0,360.0,1.0,20.18108432420639,2291.75,0.5138888888888888,1,0,0,1,Male,Rural
1,1,1,0,3,9504,0.0,9504.0,275.0,360.0,1.0,28.935185185185187,2376.0,0.7638888888888888,1,0,0,1,Male,Rural
1,1,1,0,0,2583,2115.0,4698.0,120.0,360.0,1.0,25.542784163473815,4698.0,0.3333333333333333,0,0,1,1,Male,Urban
1,1,0,0,2,1993,1625.0,3618.0,113.0,180.0,1.0,31.23272526257601,1206.0,0.6277777777777778,0,1,0,1,Male,Semiurban
1,1,1,0,2,3100,1400.0,4500.0,113.0,360.0,1.0,25.11111111111111,1500.0,0.3138888888888889,0,0,1,1,Male,Urban
1,1,1,0,2,3276,484.0,3760.0,135.0,360.0,1.0,35.90425531914894,1253.3333333333333,0.375,0,1,0,1,Male,Semiurban
0,0,1,0,0,3180,0.0,3180.0,71.0,360.0,0.0,22.32704402515723,3180.0,0.19722222222222222,0,0,1,0,Female,Urban
1,1,1,0,0,3033,1459.0,4492.0,95.0,360.0,1.0,21.148708815672308,4492.0,0.2638888888888889,0,0,1,1,Male,Urban
1,0,0,0,0,3902,1666.0,5568.0,109.0,360.0,1.0,19.57614942528736,5568.0,0.30277777777777776,1,0,0,1,Male,Rural
0,0,1,0,0,1500,1800.0,3300.0,103.0,360.0,0.0,31.212121212121215,3300.0,0.2861111111111111,0,1,0,0,Female,Semiurban
1,1,0,0,2,2889,0.0,2889.0,45.0,180.0,0.0,15.576323987538942,963.0,0.25,0,0,1,0,Male,Urban
1,0,0,0,0,2755,0.0,2755.0,65.0,300.0,1.0,23.593466424682397,2755.0,0.21666666666666667,1,0,0,0,Male,Rural
1,0,1,0,0,2500,20000.0,22500.0,103.0,360.0,1.0,4.5777777777777775,22500.0,0.2861111111111111,0,1,0,1,Male,Semiurban
0,0,0,0,0,1963,0.0,1963.0,53.0,360.0,1.0,26.999490575649514,1963.0,0.14722222222222223,0,1,0,1,Female,Semiurban
0,0,1,1,0,7441,0.0,7441.0,194.0,360.0,1.0,26.07176454777584,7441.0,0.5388888888888889,1,0,0,0,Female,Rural
0,0,1,0,0,4547,0.0,4547.0,115.0,360.0,1.0,25.29140092368595,4547.0,0.3194444444444444,0,1,0,1,Female,Semiurban
1,1,0,0,0,2167,2400.0,4567.0,115.0,360.0,1.0,25.180643748631486,4567.0,0.3194444444444444,0,0,1,1,Male,Urban
0,0,0,0,0,2213,0.0,2213.0,66.0,360.0,1.0,29.8237686398554,2213.0,0.18333333333333332,1,0,0,1,Female,Rural
1,1,1,0,1,8300,0.0,8300.0,152.0,300.0,0.0,18.31325301204819,4150.0,0.5066666666666667,0,1,0,0,Male,Semiurban
1,1,1,0,3,81000,0.0,81000.0,360.0,360.0,0.0,4.444444444444445,20250.0,1.0,1,0,0,0,Male,Rural
0,0,0,1,1,3867,0.0,3867.0,62.0,360.0,1.0,16.03310059477631,1933.5,0.17222222222222222,0,1,0,0,Female,Semiurban
1,1,1,0,0,6256,0.0,6256.0,160.0,360.0,1.0,25.57544757033248,6256.0,0.4444444444444444,0,0,1,1,Male,Urban
1,1,0,0,0,6096,0.0,6096.0,218.0,360.0,0.0,35.76115485564304,6096.0,0.6055555555555555,1,0,0,0,Male,Rural
1,1,0,0,0,2253,2033.0,4286.0,110.0,360.0,1.0,25.664955669622028,4286.0,0.3055555555555556,1,0,0,1,Male,Rural
0,1,0,0,0,2149,3237.0,5386.0,178.0,360.0,0.0,33.04864463423691,5386.0,0.49444444444444446,0,1,0,0,Female,Semiurban
0,0,1,0,0,2995,0.0,2995.0,60.0,360.0,1.0,20.033388981636058,2995.0,0.16666666666666666,0,0,1,1,Female,Urban
0,0,1,0,1,2600,0.0,2600.0,160.0,360.0,1.0,61.53846153846153,1300.0,0.4444444444444444,0,0,1,0,Female,Urban
1,1,1,1,2,1600,20000.0,21600.0,239.0,360.0,1.0,11.064814814814815,7200.0,0.6638888888888889,0,0,1,0,Male,Urban
1,1,1,0,0,1025,2773.0,3798.0,112.0,360.0,1.0,29.48920484465508,3798.0,0.3111111111111111,1,0,0,1,Male,Rural
1,1,1,0,0,3246,1417.0,4663.0,138.0,360.0,1.0,29.59468153549217,4663.0,0.38333333333333336,0,1,0,1,Male,Semiurban
1,1,1,0,0,5829,0.0,5829.0,138.0,360.0,1.0,23.674729799279465,5829.0,0.38333333333333336,1,0,0,1,Male,Rural
0,0,0,0,0,2720,0.0,2720.0,80.0,360.0,0.0,29.41176470588235,2720.0,0.2222222222222222,0,0,1,0,Female,Urban
1,1,1,0,0,1820,1719.0,3539.0,100.0,360.0,1.0,28.256569652444192,3539.0,0.2777777777777778,0,0,1,1,Male,Urban
1,1,1,0,1,7250,1667.0,8917.0,110.0,360.0,0.0,12.33598743972188,4458.5,0.3055555555555556,0,0,1,0,Male,Urban
1,1,1,0,0,14880,0.0,14880.0,96.0,360.0,1.0,6.451612903225806,14880.0,0.26666666666666666,0,1,0,1,Male,Semiurban
1,1,1,0,0,2666,4300.0,6966.0,121.0,360.0,1.0,17.37008326155613,6966.0,0.33611111111111114,1,0,0,1,Male,Rural
0,0,0,0,1,4606,0.0,4606.0,81.0,360.0,1.0,17.585757707338256,2303.0,0.225,1,0,0,0,Female,Rural
1,1,1,0,2,5935,0.0,5935.0,133.0,360.0,1.0,22.409435551811292,1978.3333333333333,0.36944444444444446,0,1,0,1,Male,Semiurban
1,1,1,0,0,2920,16.12000084,2936.12000084,87.0,360.0,1.0,29.63094150617482,2936.12000084,0.24166666666666667,1,0,0,1,Male,Rural
1,0,0,0,0,2717,0.0,2717.0,60.0,180.0,1.0,22.08317997791682,2717.0,0.3333333333333333,0,0,1,1,Male,Urban
0,0,1,1,1,8624,0.0,8624.0,150.0,360.0,1.0,17.393320964749535,4312.0,0.4166666666666667,0,1,0,1,Female,Semiurban
1,0,1,0,0,6500,0.0,6500.0,105.0,360.0,0.0,16.153846153846153,6500.0,0.2916666666666667,1,0,0,0,Male,Rural
1,0,1,0,0,12876,0.0,12876.0,405.0,360.0,1.0,31.453867660764214,12876.0,1.125,0,1,0,1,Male,Semiurban
1,1,1,0,0,2425,2340.0,4765.0,143.0,360.0,1.0,30.01049317943337,4765.0,0.3972222222222222,0,1,0,1,Male,Semiurban
1,0,1,0,0,3750,0.0,3750.0,100.0,360.0,1.0,26.666666666666668,3750.0,0.2777777777777778,0,0,1,1,Male,Urban
0,1,1,0,0,10047,0.0,10047.0,128.0,240.0,1.0,12.740121429282372,10047.0,0.5333333333333333,0,1,0,1,Female,Semiurban
1,0,1,0,0,1926,1851.0,3777.0,50.0,360.0,1.0,13.238019592268996,3777.0,0.1388888888888889,0,1,0,1,Male,Semiurban
1,1,1,0,0,2213,1125.0,3338.0,128.0,360.0,1.0,38.34631515877771,3338.0,0.35555555555555557,0,0,1,1,Male,Urban
1,0,1,1,0,10416,0.0,10416.0,187.0,360.0,0.0,17.953149001536097,10416.0,0.5194444444444445,0,0,1,0,Male,Urban
0,1,0,1,0,7142,0.0,7142.0,138.0,360.0,1.0,19.322318678241388,7142.0,0.38333333333333336,1,0,0,1,Female,Rural
1,0,1,0,0,3660,5064.0,8724.0,187.0,360.0,1.0,21.435121503897296,8724.0,0.5194444444444445,0,1,0,1,Male,Semiurban
1,1,1,0,0,7901,1833.0,9734.0,180.0,360.0,1.0,18.491884117526197,9734.0,0.5,1,0,0,1,Male,Rural
1,0,0,0,3,4707,1993.0,6700.0,148.0,360.0,1.0,22.089552238805968,1675.0,0.4111111111111111,0,1,0,1,Male,Semiurban
1,0,1,0,1,37719,0.0,37719.0,152.0,360.0,1.0,4.029799305389856,18859.5,0.4222222222222222,0,1,0,1,Male,Semiurban
1,1,1,0,0,7333,8333.0,15666.0,175.0,300.0,1.0,11.170688114387845,15666.0,0.5833333333333334,1,0,0,1,Male,Rural
1,1,1,1,1,3466,1210.0,4676.0,130.0,360.0,1.0,27.80153977758768,2338.0,0.3611111111111111,1,0,0,1,Male,Rural
1,1,0,0,2,4652,0.0,4652.0,110.0,360.0,1.0,23.6457437661221,1550.6666666666667,0.3055555555555556,1,0,0,1,Male,Rural
1,1,1,0,0,3539,1376.0,4915.0,55.0,360.0,1.0,11.190233977619531,4915.0,0.1527777777777778,1,0,0,0,Male,Rural
1,1,1,0,2,3340,1710.0,5050.0,150.0,360.0,0.0,29.702970297029704,1683.3333333333333,0.4166666666666667,1,0,0,0,Male,Rural
1,0,0,1,1,2769,1542.0,4311.0,190.0,360.0,1.0,44.07330085826954,2155.5,0.5277777777777778,0,1,0,0,Male,Semiurban
1,1,0,0,2,2309,1255.0,3564.0,125.0,360.0,0.0,35.072951739618404,1188.0,0.3472222222222222,1,0,0,0,Male,Rural
1,1,0,0,2,1958,1456.0,3414.0,60.0,300.0,1.0,17.57469244288225,1138.0,0.2,0,0,1,1,Male,Urban
1,1,1,0,0,3948,1733.0,5681.0,149.0,360.0,0.0,26.22777679985918,5681.0,0.41388888888888886,1,0,0,0,Male,Rural
1,1,1,0,0,2483,2466.0,4949.0,90.0,180.0,0.0,18.185492018589613,4949.0,0.5,1,0,0,1,Male,Rural
1,0,1,1,0,7085,0.0,7085.0,84.0,360.0,1.0,11.856033874382499,7085.0,0.23333333333333334,0,1,0,1,Male,Semiurban
1,1,1,0,2,3859,0.0,3859.0,96.0,360.0,1.0,24.876911116869657,1286.3333333333333,0.26666666666666666,0,1,0,1,Male,Semiurban
1,1,1,0,0,4301,0.0,4301.0,118.0,360.0,1.0,27.435480120902113,4301.0,0.3277777777777778,0,0,1,1,Male,Urban
1,1,1,0,0,3708,2569.0,6277.0,173.0,360.0,1.0,27.560936753226063,6277.0,0.48055555555555557,0,0,1,0,Male,Urban
1,0,1,0,2,4354,0.0,4354.0,136.0,360.0,1.0,31.23564538355535,1451.3333333333333,0.37777777777777777,1,0,0,1,Male,Rural
1,1,1,0,0,8334,0.0,8334.0,160.0,360.0,1.0,19.19846412287017,8334.0,0.4444444444444444,0,1,0,0,Male,Semiurban
1,1,1,1,0,2083,4083.0,6166.0,160.0,360.0,1.0,25.948751216347713,6166.0,0.4444444444444444,0,1,0,1,Male,Semiurban
1,1,1,0,3,7740,0.0,7740.0,128.0,180.0,1.0,16.537467700258397,1935.0,0.7111111111111111,0,0,1,1,Male,Urban
1,1,1,0,0,3015,2188.0,5203.0,153.0,360.0,1.0,29.406111858543145,5203.0,0.425,1,0,0,1,Male,Rural
0,0,0,0,1,5191,0.0,5191.0,132.0,360.0,1.0,25.42862646888846,2595.5,0.36666666666666664,0,1,0,1,Female,Semiurban
1,0,1,0,0,4166,0.0,4166.0,98.0,360.0,0.0,23.52376380220835,4166.0,0.2722222222222222,0,1,0,0,Male,Semiurban
1,0,1,0,0,6000,0.0,6000.0,140.0,360.0,1.0,23.333333333333332,6000.0,0.3888888888888889,1,0,0,1,Male,Rural
1,1,0,0,3,2947,1664.0,4611.0,70.0,180.0,0.0,15.181088700932554,1152.75,0.3888888888888889,0,0,1,0,Male,Urban
1,1,1,0,0,16692,0.0,16692.0,110.0,360.0,1.0,6.589983225497244,16692.0,0.3055555555555556,0,1,0,1,Male,Semiurban
0,1,0,0,2,210,2917.0,3127.0,98.0,360.0,1.0,31.339942436840424,1042.3333333333333,0.2722222222222222,0,1,0,1,Female,Semiurban
1,1,1,0,0,4333,2451.0,6784.0,110.0,360.0,1.0,16.214622641509436,6784.0,0.3055555555555556,0,0,1,0,Male,Urban
1,1,1,1,1,3450,2079.0,5529.0,162.0,360.0,1.0,29.30005425935974,2764.5,0.45,0,1,0,1,Male,Semiurban
1,1,0,0,1,2653,1500.0,4153.0,113.0,180.0,0.0,27.209246327955697,2076.5,0.6277777777777778,1,0,0,0,Male,Rural
1,1,1,0,3,4691,0.0,4691.0,100.0,360.0,1.0,21.317416329140908,1172.75,0.2777777777777778,0,1,0,1,Male,Semiurban
0,0,1,1,0,2500,0.0,2500.0,93.0,360.0,1.0,37.2,2500.0,0.25833333333333336,0,0,1,1,Female,Urban
1,0,1,0,2,5532,4648.0,10180.0,162.0,360.0,1.0,15.913555992141454,3393.3333333333335,0.45,1,0,0,1,Male,Rural
1,1,1,1,2,16525,1014.0,17539.0,150.0,360.0,1.0,8.55236900621472,5846.333333333333,0.4166666666666667,1,0,0,1,Male,Rural
1,1,1,0,2,6700,1750.0,8450.0,230.0,300.0,1.0,27.218934911242606,2816.6666666666665,0.7666666666666667,0,1,0,1,Male,Semiurban
1,1,1,0,2,2873,1872.0,4745.0,132.0,360.0,0.0,27.81875658587987,1581.6666666666667,0.36666666666666664,0,1,0,0,Male,Semiurban
1,1,1,1,1,16667,2250.0,18917.0,86.0,360.0,1.0,4.546175397790347,9458.5,0.2388888888888889,0,1,0,1,Male,Semiurban
1,1,1,0,2,2947,1603.0,4550.0,128.0,360.0,1.0,28.13186813186813,1516.6666666666667,0.35555555555555557,0,0,1,0,Male,Urban
0,0,0,0,0,4350,0.0,4350.0,154.0,360.0,1.0,35.40229885057472,4350.0,0.42777777777777776,1,0,0,1,Female,Rural
1,1,0,0,3,3095,0.0,3095.0,113.0,360.0,1.0,36.51050080775444,773.75,0.3138888888888889,1,0,0,1,Male,Rural
1,1,1,0,0,2083,3150.0,5233.0,128.0,360.0,1.0,24.460156697878848,5233.0,0.35555555555555557,0,1,0,1,Male,Semiurban
1,1,1,0,0,10833,0.0,10833.0,234.0,360.0,1.0,21.60066463583495,10833.0,0.65,0,1,0,1,Male,Semiurban
1,1,1,0,2,8333,0.0,8333.0,246.0,360.0,1.0,29.52118084723389,2777.6666666666665,0.6833333333333333,0,1,0,1,Male,Semiurban
1,1,0,0,1,1958,2436.0,4394.0,131.0,360.0,1.0,29.813381884387802,2197.0,0.3638888888888889,1,0,0,1,Male,Rural
1,0,1,0,2,3547,0.0,3547.0,80.0,360.0,0.0,22.55427121511136,1182.3333333333333,0.2222222222222222,1,0,0,0,Male,Rural
1,1,1,0,1,18333,0.0,18333.0,500.0,360.0,1.0,27.27322314951181,9166.5,1.3888888888888888,0,0,1,0,Male,Urban
1,1,1,1,2,4583,2083.0,6666.0,160.0,360.0,1.0,24.002400240024002,2222.0,0.4444444444444444,0,1,0,1,Male,Semiurban
1,0,1,0,0,2435,0.0,2435.0,75.0,360.0,1.0,30.80082135523614,2435.0,0.20833333333333334,0,0,1,0,Male,Urban
1,0,0,0,0,2699,2785.0,5484.0,96.0,360.0,1.0,17.505470459518598,5484.0,0.26666666666666666,0,1,0,1,Male,Semiurban
1,1,0,0,1,5333,1131.0,6464.0,186.0,360.0,1.0,28.774752475247524,3232.0,0.5166666666666667,0,0,1,1,Male,Urban
1,0,0,0,0,3691,0.0,3691.0,110.0,360.0,1.0,29.80222162015714,3691.0,0.3055555555555556,1,0,0,1,Male,Rural
0,0,0,1,0,17263,0.0,17263.0,225.0,360.0,1.0,13.033655795632276,17263.0,0.625,0,1,0,1,Female,Semiurban
1,1,1,0,0,3597,2157.0,5754.0,119.0,360.0,0.0,20.681265206812654,5754.0,0.33055555555555555,1,0,0,0,Male,Rural
0,1,1,0,1,3326,913.0,4239.0,105.0,84.0,1.0,24.769992922859167,2119.5,1.25,0,1,0,1,Female,Semiurban
1,1,0,0,0,2600,1700.0,4300.0,107.0,360.0,1.0,24.88372093023256,4300.0,0.2972222222222222,1,0,0,1,Male,Rural
1,1,1,0,0,4625,2857.0,7482.0,111.0,12.0,1.0,14.835605453087409,7482.0,9.25,0,0,1,1,Male,Urban
1,1,1,1,1,2895,0.0,2895.0,95.0,360.0,1.0,32.81519861830743,1447.5,0.2638888888888889,0,1,0,1,Male,Semiurban
1,0,1,0,0,6283,4416.0,10699.0,209.0,360.0,0.0,19.534535937938124,10699.0,0.5805555555555556,1,0,0,0,Male,Rural
0,0,1,0,0,645,3683.0,4328.0,113.0,480.0,1.0,26.1090573012939,4328.0,0.23541666666666666,1,0,0,1,Female,Rural
0,0,1,0,0,3159,0.0,3159.0,100.0,360.0,1.0,31.65558721114277,3159.0,0.2777777777777778,0,1,0,1,Female,Semiurban
1,1,1,0,2,4865,5624.0,10489.0,208.0,360.0,1.0,19.830298407855846,3496.3333333333335,0.5777777777777777,0,1,0,1,Male,Semiurban
1,1,0,0,1,4050,5302.0,9352.0,138.0,360.0,1.0,14.756201881950384,4676.0,0.38333333333333336,1,0,0,0,Male,Rural
1,1,0,0,0,3814,1483.0,5297.0,124.0,300.0,1.0,23.409477062488204,5297.0,0.41333333333333333,0,1,0,1,Male,Semiurban
1,1,1,0,2,3510,4416.0,7926.0,243.0,360.0,1.0,30.658591975775927,2642.0,0.675,1,0,0,1,Male,Rural
1,1,1,0,0,20833,6667.0,27500.0,480.0,360.0,1.0,17.454545454545453,27500.0,1.3333333333333333,0,0,1,1,Male,Urban
1,0,1,0,0,3583,0.0,3583.0,96.0,360.0,1.0,26.793190064192018,3583.0,0.26666666666666666,0,0,1,0,Male,Urban
1,1,1,1,0,2479,3013.0,5492.0,188.0,360.0,1.0,34.23160961398398,5492.0,0.5222222222222223,0,0,1,1,Male,Urban
0,0,1,0,1,13262,0.0,13262.0,40.0,360.0,1.0,3.016136329362087,6631.0,0.1111111111111111,0,0,1,1,Female,Urban
1,0,0,0,0,3598,1287.0,4885.0,100.0,360.0,1.0,20.470829068577277,4885.0,0.2777777777777778,1,0,0,0,Male,Rural
1,1,1,0,1,6065,2004.0,8069.0,250.0,360.0,1.0,30.98277357789069,4034.5,0.6944444444444444,0,1,0,1,Male,Semiurban
1,1,1,0,2,3283,2035.0,5318.0,148.0,360.0,1.0,27.83001128243701,1772.6666666666667,0.4111111111111111,0,0,1,1,Male,Urban
1,1,1,0,0,2130,6666.0,8796.0,70.0,180.0,1.0,7.958162801273307,8796.0,0.3888888888888889,0,1,0,0,Male,Semiurban
1,0,1,0,0,5815,3666.0,9481.0,311.0,360.0,1.0,32.80244699926168,9481.0,0.8638888888888889,1,0,0,0,Male,Rural
1,1,1,0,3,3466,3428.0,6894.0,150.0,360.0,1.0,21.75805047867711,1723.5,0.4166666666666667,1,0,0,1,Male,Rural
0,1,1,0,2,2031,1632.0,3663.0,113.0,480.0,1.0,30.84903084903085,1221.0,0.23541666666666666,0,1,0,1,Female,Semiurban
1,1,0,0,0,3074,1800.0,4874.0,123.0,360.0,0.0,25.235945835043086,4874.0,0.3416666666666667,0,1,0,0,Male,Semiurban
1,0,1,0,0,4683,1915.0,6598.0,185.0,360.0,1.0,28.03879963625341,6598.0,0.5138888888888888,0,1,0,0,Male,Semiurban
0,0,0,0,0,3400,0.0,3400.0,95.0,360.0,1.0,27.941176470588236,3400.0,0.2638888888888889,1,0,0,0,Female,Rural
1,1,0,0,2,2192,1742.0,3934.0,45.0,360.0,1.0,11.438739196746313,1311.3333333333333,0.125,0,1,0,1,Male,Semiurban
1,0,1,0,0,2500,0.0,2500.0,55.0,360.0,1.0,22.0,2500.0,0.1527777777777778,0,1,0,1,Male,Semiurban
1,1,1,1,3,5677,1424.0,7101.0,100.0,360.0,1.0,14.08252358822701,1775.25,0.2777777777777778,1,0,0,1,Male,Rural
1,1,1,1,2,7948,7166.0,15114.0,480.0,360.0,1.0,31.758634378721712,5038.0,1.3333333333333333,1,0,0,1,Male,Rural
1,0,1,0,0,4680,2087.0,6767.0,128.0,360.0,1.0,18.91532436825772,6767.0,0.35555555555555557,0,1,0,0,Male,Semiurban
1,1,1,1,2,17500,0.0,17500.0,400.0,360.0,1.0,22.857142857142858,5833.333333333333,1.1111111111111112,1,0,0,1,Male,Rural
1,1,1,0,0,3775,0.0,3775.0,110.0,360.0,1.0,29.13907284768212,3775.0,0.3055555555555556,0,1,0,1,Male,Semiurban
1,1,0,0,1,5285,1430.0,6715.0,161.0,360.0,0.0,23.976172747580044,3357.5,0.44722222222222224,0,1,0,1,Male,Semiurban
1,0,0,0,1,2679,1302.0,3981.0,94.0,360.0,1.0,23.61215774930922,1990.5,0.2611111111111111,0,1,0,1,Male,Semiurban
1,0,0,0,0,6783,0.0,6783.0,130.0,360.0,1.0,19.165560961226596,6783.0,0.3611111111111111,0,1,0,1,Male,Semiurban
1,1,1,0,0,1025,5500.0,6525.0,216.0,360.0,1.0,33.103448275862064,6525.0,0.6,1,0,0,1,Male,Rural
1,1,1,0,3,4281,0.0,4281.0,100.0,360.0,1.0,23.3590282644242,1070.25,0.2777777777777778,0,0,1,1,Male,Urban
1,0,1,0,2,3588,0.0,3588.0,110.0,360.0,0.0,30.657748049052397,1196.0,0.3055555555555556,1,0,0,0,Male,Rural
1,0,1,0,1,11250,0.0,11250.0,196.0,360.0,1.0,17.42222222222222,5625.0,0.5444444444444444,0,1,0,0,Male,Semiurban
0,0,0,1,0,18165,0.0,18165.0,125.0,360.0,1.0,6.881365262868154,18165.0,0.3472222222222222,0,0,1,1,Female,Urban
1,0,0,0,0,2550,2042.0,4592.0,126.0,360.0,1.0,27.439024390243905,4592.0,0.35,1,0,0,1,Male,Rural
1,1,1,0,0,6133,3906.0,10039.0,324.0,360.0,1.0,32.27413088953083,10039.0,0.9,0,0,1,1,Male,Urban
1,0,1,0,2,3617,0.0,3617.0,107.0,360.0,1.0,29.58252695604092,1205.6666666666667,0.2972222222222222,0,1,0,1,Male,Semiurban
1,1,0,0,0,2917,536.0,3453.0,66.0,360.0,1.0,19.113814074717638,3453.0,0.18333333333333332,1,0,0,0,Male,Rural
1,1,1,0,3,6417,0.0,6417.0,157.0,180.0,1.0,24.46626149290946,1604.25,0.8722222222222222,1,0,0,1,Male,Rural
0,1,1,0,1,4608,2845.0,7453.0,140.0,180.0,1.0,18.784382128002147,3726.5,0.7777777777777778,0,1,0,1,Female,Semiurban
0,0,1,0,0,2138,0.0,2138.0,99.0,360.0,0.0,46.30495790458372,2138.0,0.275,0,1,0,0,Female,Semiurban
0,0,1,0,1,3652,0.0,3652.0,95.0,360.0,1.0,26.013143483023,1826.0,0.2638888888888889,0,1,0,1,Female,Semiurban
1,1,0,0,1,2239,2524.0,4763.0,128.0,360.0,1.0,26.873819021625028,2381.5,0.35555555555555557,0,0,1,1,Male,Urban
0,1,0,0,0,3017,663.0,3680.0,102.0,360.0,1.0,27.717391304347824,3680.0,0.2833333333333333,0,1,0,1,Female,Semiurban
1,1,1,0,0,2768,1950.0,4718.0,155.0,360.0,1.0,32.852903772785076,4718.0,0.4305555555555556,1,0,0,1,Male,Rural
1,0,0,0,0,3358,0.0,3358.0,80.0,36.0,1.0,23.823704586063133,3358.0,2.2222222222222223,0,1,0,0,Male,Semiurban
1,0,1,0,0,2526,1783.0,4309.0,145.0,360.0,1.0,33.650498955674166,4309.0,0.4027777777777778,1,0,0,1,Male,Rural
0,0,1,0,0,5000,0.0,5000.0,103.0,360.0,0.0,20.6,5000.0,0.2861111111111111,0,1,0,0,Female,Semiurban
1,1,1,0,0,2785,2016.0,4801.0,110.0,360.0,1.0,22.911893355550927,4801.0,0.3055555555555556,1,0,0,1,Male,Rural
1,1,1,1,2,6633,0.0,6633.0,128.0,360.0,0.0,19.29745213327303,2211.0,0.35555555555555557,1,0,0,0,Male,Rural
1,1,0,0,1,2492,2375.0,4867.0,128.0,360.0,1.0,26.299568522703925,2433.5,0.35555555555555557,1,0,0,1,Male,Rural
1,1,1,0,1,3333,3250.0,6583.0,158.0,360.0,1.0,24.001215251405135,3291.5,0.4388888888888889,0,0,1,1,Male,Urban
1,1,0,0,0,2454,2333.0,4787.0,181.0,360.0,0.0,37.81073741382912,4787.0,0.5027777777777778,0,0,1,0,Male,Urban
1,1,1,0,0,3593,4266.0,7859.0,132.0,180.0,0.0,16.79603002926581,7859.0,0.7333333333333333,1,0,0,0,Male,Rural
1,1,1,0,1,5468,1032.0,6500.0,26.0,360.0,1.0,4.0,3250.0,0.07222222222222222,0,1,0,1,Male,Semiurban
0,0,1,0,0,2667,1625.0,4292.0,84.0,360.0,1.0,19.5712954333644,4292.0,0.23333333333333334,0,0,1,1,Female,Urban
1,1,1,1,3,10139,0.0,10139.0,260.0,360.0,1.0,25.643554591182564,2534.75,0.7222222222222222,0,1,0,1,Male,Semiurban
1,1,1,0,0,3887,2669.0,6556.0,162.0,360.0,1.0,24.71018913971934,6556.0,0.45,0,1,0,1,Male,Semiurban
0,1,1,0,0,4180,2306.0,6486.0,182.0,360.0,1.0,28.0604378661733,6486.0,0.5055555555555555,0,1,0,1,Female,Semiurban
1,1,0,0,2,3675,242.0,3917.0,108.0,360.0,1.0,27.572121521572633,1305.6666666666667,0.3,0,1,0,1,Male,Semiurban
0,1,1,1,1,19484,0.0,19484.0,600.0,360.0,1.0,30.79449804968179,9742.0,1.6666666666666667,0,1,0,1,Female,Semiurban
1,1,1,0,0,5923,2054.0,7977.0,211.0,360.0,1.0,26.45104675943337,7977.0,0.5861111111111111,1,0,0,1,Male,Rural
1,0,0,1,0,5800,0.0,5800.0,132.0,360.0,1.0,22.758620689655174,5800.0,0.36666666666666664,0,1,0,1,Male,Semiurban
1,1,1,0,2,8799,0.0,8799.0,258.0,360.0,0.0,29.32151380838732,2933.0,0.7166666666666667,0,0,1,0,Male,Urban
1,1,0,0,0,4467,0.0,4467.0,120.0,360.0,1.0,26.86366689053056,4467.0,0.3333333333333333,1,0,0,1,Male,Rural
1,0,1,0,0,3333,0.0,3333.0,70.0,360.0,1.0,21.002100210021002,3333.0,0.19444444444444445,0,0,1,1,Male,Urban
1,1,1,0,3,3400,2500.0,5900.0,123.0,360.0,0.0,20.847457627118644,1475.0,0.3416666666666667,1,0,0,0,Male,Rural
0,0,1,0,0,2378,0.0,2378.0,9.0,360.0,1.0,3.7846930193439863,2378.0,0.025,0,0,1,0,Female,Urban
1,1,1,0,0,3166,2064.0,5230.0,104.0,360.0,0.0,19.885277246653917,5230.0,0.28888888888888886,0,0,1,0,Male,Urban
1,1,1,0,1,3417,1750.0,5167.0,186.0,360.0,1.0,35.99767756918909,2583.5,0.5166666666666667,0,0,1,1,Male,Urban
1,1,1,0,0,5116,1451.0,6567.0,165.0,360.0,0.0,25.125628140703515,6567.0,0.4583333333333333,0,0,1,0,Male,Urban
1,1,1,0,2,16666,0.0,16666.0,275.0,360.0,1.0,16.500660026401057,5555.333333333333,0.7638888888888888,0,0,1,1,Male,Urban
1,1,0,0,2,6125,1625.0,7750.0,187.0,480.0,1.0,24.129032258064516,2583.3333333333335,0.38958333333333334,0,1,0,0,Male,Semiurban
1,1,1,0,3,6406,0.0,6406.0,150.0,360.0,1.0,23.415547923821418,1601.5,0.4166666666666667,0,1,0,0,Male,Semiurban
1,1,1,0,2,3159,461.0,3620.0,108.0,84.0,1.0,29.834254143646408,1206.6666666666667,1.2857142857142858,0,0,1,1,Male,Urban
1,1,1,0,0,3087,2210.0,5297.0,136.0,360.0,0.0,25.674910326599964,5297.0,0.37777777777777777,0,1,0,0,Male,Semiurban
1,0,1,0,0,3229,2739.0,5968.0,110.0,360.0,1.0,18.431635388739945,5968.0,0.3055555555555556,0,0,1,1,Male,Urban
1,1,1,0,1,1782,2232.0,4014.0,107.0,360.0,1.0,26.65670154459392,2007.0,0.2972222222222222,1,0,0,1,Male,Rural
1,0,1,0,0,3182,2917.0,6099.0,161.0,360.0,1.0,26.397770126250204,6099.0,0.44722222222222224,0,0,1,1,Male,Urban
1,1,1,0,2,6540,0.0,6540.0,205.0,360.0,1.0,31.345565749235472,2180.0,0.5694444444444444,0,1,0,1,Male,Semiurban
1,0,1,0,0,1836,33837.0,35673.0,90.0,360.0,1.0,2.5229164914641324,35673.0,0.25,0,0,1,0,Male,Urban
0,1,1,0,0,3166,0.0,3166.0,36.0,360.0,1.0,11.37081490840177,3166.0,0.1,0,1,0,1,Female,Semiurban
1,1,1,0,1,1880,0.0,1880.0,61.0,360.0,1.0,32.4468085106383,940.0,0.16944444444444445,1,0,0,0,Male,Rural
1,1,1,0,1,2787,1917.0,4704.0,146.0,360.0,0.0,31.037414965986397,2352.0,0.40555555555555556,1,0,0,0,Male,Rural
1,1,1,0,1,4283,3000.0,7283.0,172.0,84.0,1.0,23.61664149388988,3641.5,2.0476190476190474,1,0,0,0,Male,Rural
1,1,1,0,0,2297,1522.0,3819.0,104.0,360.0,1.0,27.23225975386227,3819.0,0.28888888888888886,0,0,1,1,Male,Urban
0,0,0,0,0,2165,0.0,2165.0,70.0,360.0,1.0,32.33256351039261,2165.0,0.19444444444444445,0,1,0,1,Female,Semiurban
1,0,1,0,0,4750,0.0,4750.0,94.0,360.0,1.0,19.789473684210527,4750.0,0.2611111111111111,0,1,0,1,Male,Semiurban
1,1,1,1,2,2726,0.0,2726.0,106.0,360.0,0.0,38.88481291269259,908.6666666666666,0.29444444444444445,0,1,0,0,Male,Semiurban
1,1,1,0,0,3000,3416.0,6416.0,56.0,180.0,1.0,8.728179551122194,6416.0,0.3111111111111111,0,1,0,1,Male,Semiurban
1,1,1,1,2,6000,0.0,6000.0,205.0,240.0,1.0,34.166666666666664,2000.0,0.8541666666666666,0,1,0,0,Male,Semiurban
1,0,1,1,3,9357,0.0,9357.0,292.0,360.0,1.0,31.20658330661537,2339.25,0.8111111111111111,0,1,0,1,Male,Semiurban
1,1,1,0,0,3859,3300.0,7159.0,142.0,180.0,1.0,19.835172510127112,7159.0,0.7888888888888889,1,0,0,1,Male,Rural
1,1,1,1,0,16120,0.0,16120.0,260.0,360.0,1.0,16.129032258064516,16120.0,0.7222222222222222,0,0,1,1,Male,Urban
1,0,0,0,0,3833,0.0,3833.0,110.0,360.0,1.0,28.698147665014346,3833.0,0.3055555555555556,1,0,0,1,Male,Rural
1,1,0,1,2,6383,1000.0,7383.0,187.0,360.0,1.0,25.328457266693757,2461.0,0.5194444444444445,1,0,0,0,Male,Rural
1,0,1,0,0,2987,0.0,2987.0,88.0,360.0,0.0,29.460997656511548,2987.0,0.24444444444444444,0,1,0,0,Male,Semiurban
1,1,1,1,0,9963,0.0,9963.0,180.0,360.0,1.0,18.066847335140018,9963.0,0.5,1,0,0,1,Male,Rural
1,1,1,0,2,5780,0.0,5780.0,192.0,360.0,1.0,33.21799307958477,1926.6666666666667,0.5333333333333333,0,0,1,1,Male,Urban
0,0,1,0,3,416,41667.0,42083.0,350.0,180.0,1.0,8.31689755958463,10520.75,1.9444444444444444,0,0,1,0,Female,Urban
1,1,0,0,0,2894,2792.0,5686.0,155.0,360.0,1.0,27.259936686598664,5686.0,0.4305555555555556,1,0,0,1,Male,Rural
1,1,1,0,3,5703,0.0,5703.0,128.0,360.0,1.0,22.444327546905136,1425.75,0.35555555555555557,0,0,1,1,Male,Urban
1,0,1,0,0,3676,4301.0,7977.0,172.0,360.0,1.0,21.561990723329572,7977.0,0.4777777777777778,1,0,0,1,Male,Rural
0,1,1,0,1,12000,0.0,12000.0,496.0,360.0,1.0,41.333333333333336,6000.0,1.3777777777777778,0,1,0,1,Female,Semiurban
1,1,0,0,0,2400,3800.0,6200.0,128.0,180.0,1.0,20.64516129032258,6200.0,0.7111111111111111,0,0,1,0,Male,Urban
1,1,1,0,1,3400,2500.0,5900.0,173.0,360.0,1.0,29.322033898305083,2950.0,0.48055555555555557,0,1,0,1,Male,Semiurban
1,1,0,0,2,3987,1411.0,5398.0,157.0,360.0,1.0,29.084846239347907,1799.3333333333333,0.4361111111111111,1,0,0,1,Male,Rural
1,1,1,0,0,3232,1950.0,5182.0,108.0,360.0,1.0,20.841373986877652,5182.0,0.3,1,0,0,1,Male,Rural
0,0,1,0,0,2900,0.0,2900.0,71.0,360.0,1.0,24.482758620689655,2900.0,0.19722222222222222,1,0,0,1,Female,Rural
1,1,1,0,3,4106,0.0,4106.0,40.0,180.0,1.0,9.74184120798831,1026.5,0.2222222222222222,1,0,0,1,Male,Rural
1,1,1,0,1,8072,240.0,8312.0,253.0,360.0,1.0,30.43792107795958,4156.0,0.7027777777777777,0,0,1,1,Male,Urban
1,1,1,0,2,7583,0.0,7583.0,187.0,360.0,1.0,24.660424634049846,2527.6666666666665,0.5194444444444445,0,0,1,1,Male,Urban
0,0,1,1,0,4583,0.0,4583.0,133.0,360.0,0.0,29.02029238490072,4583.0,0.36944444444444446,0,1,0,0,Female,Semiurban
